NAMOA_LAZY;4d_Grid-Problem1.grid;5317;5903;3852;4344;244;0.0020;0.04;638
NAMOA_LAZY;4d_Grid-Problem1.grid;877;768;155;171;19;0.0000;0.01;51
NAMOA_LAZY;4d_Grid-Problem1.grid;9037;8218;13367;15791;567;0.0084;0.13;2043
NAMOA_LAZY;4d_Grid-Problem1.grid;6830;9316;303288;353068;8775;2.1404;1.55;25017
NAMOA_LAZY;4d_Grid-Problem1.grid;2475;2266;225;252;17;0.0001;0.01;58
NAMOA_LAZY;4d_Grid-Problem1.grid;8457;5853;18678;21788;478;0.0135;0.17;2668
NAMOA_LAZY;4d_Grid-Problem1.grid;5629;6810;74433;83467;2803;0.1695;0.43;6777
NAMOA_LAZY;4d_Grid-Problem1.grid;8116;6807;7710;8542;531;0.0047;0.07;915
NAMOA_LAZY;4d_Grid-Problem1.grid;2461;559;2738;3213;107;0.0010;0.03;500
NAMOA_LAZY;4d_Grid-Problem1.grid;9067;9716;424511;495429;4174;2.6318;2.04;35081
NAMOA_LAZY;4d_Grid-Problem1.grid;8061;9523;694711;789386;11506;8.0836;2.48;41377
NAMOA_LAZY;4d_Grid-Problem1.grid;8716;9168;892717;1072728;6703;7.3284;4.16;72518
NAMOA_LAZY;4d_Grid-Problem1.grid;5624;6457;346578;381761;6944;3.7718;1.25;19737
NAMOA_LAZY;4d_Grid-Problem1.grid;5076;690;1139003;1308286;10599;14.0452;3.60;61706
NAMOA_LAZY;4d_Grid-Problem1.grid;3236;3564;37662;42939;1220;0.0536;0.22;3595
NAMOA_LAZY;4d_Grid-Problem1.grid;2343;1528;6504;7174;395;0.0036;0.06;695
NAMOA_LAZY;4d_Grid-Problem1.grid;4162;4590;39751;44365;1131;0.0452;0.24;3802
NAMOA_LAZY;4d_Grid-Problem1.grid;3701;5536;1226865;1440614;20385;16.3111;5.31;89703
NAMOA_LAZY;4d_Grid-Problem1.grid;6642;2963;1756808;2064273;23204;26.0506;7.20;123372
NAMOA_LAZY;4d_Grid-Problem1.grid;7043;8833;56759;65146;2768;0.0937;0.38;5970
NAMOA_LAZY;4d_Grid-Problem1.grid;2065;125;1970828;2282759;28239;53.7207;6.09;99398
NAMOA_LAZY;4d_Grid-Problem1.grid;7760;9798;2071155;2367542;23631;67.8912;6.93;116960
NAMOA_LAZY;4d_Grid-Problem1.grid;6112;8620;72145;81146;2291;0.1667;0.41;6949
NAMOA_LAZY;4d_Grid-Problem1.grid;1113;5231;3653384;4220797;53476;248.9388;10.57;168611
NAMOA_LAZY;4d_Grid-Problem1.grid;8897;1892;4093506;4971012;18672;130.8900;13.83;243515
NAMOA_LAZY;4d_Grid-Problem1.grid;7576;8721;4563512;5402565;42683;310.4129;13.78;239018
NAMOA_LAZY;4d_Grid-Problem1.grid;3415;1670;6351935;7254993;59606;524.1466;14.99;252057
NAMOA_LAZY;4d_Grid-Problem1.grid;5589;7943;5165789;6057755;63455;309.7462;13.46;223000
NAMOA_LAZY;4d_Grid-Problem1.grid;6652;8916;2215111;2612939;37918;51.4954;8.14;132495
NAMOA_LAZY;4d_Grid-Problem1.grid;1946;4732;561868;642888;11192;5.5859;2.13;34559
NAMOA_LAZY;4d_Grid-Problem1.grid;9199;6657;8034568;9472087;71144;822.4725;21.71;370193
NAMOA_LAZY;4d_Grid-Problem1.grid;9356;5923;7320853;8516751;71076;860.1882;19.38;330156
NAMOA_LAZY;4d_Grid-Problem1.grid;7654;3583;10211844;11747894;75191;1336.4322;29.14;496875
NAMOA_LAZY;4d_Grid-Problem1.grid;2387;5553;9080549;10563028;85893;1338.6817;26.30;443253
NAMOA_LAZY;4d_Grid-Problem1.grid;3035;8834;1345537;1557756;10932;21.4290;4.54;78542
NAMOA_LAZY;4d_Grid-Problem1.grid;5707;9047;10477768;12224613;89979;1775.2706;29.06;499970
NAMOA_LAZY;4d_Grid-Problem1.grid;8883;6145;3703410;4410790;38200;126.5226;10.54;175016
NAMOA_LAZY;4d_Grid-Problem1.grid;6866;3918;15367205;17791481;117364;2914.3863;38.14;652421
NAMOA_LAZY;4d_Grid-Problem1.grid;1251;5272;2886791;3313268;35247;124.4646;9.04;151156
NAMOA_LAZY;4d_Grid-Problem1.grid;7086;8714;23155414;28356724;114267;3258.9344;63.37;1111106
NAMOA_LAZY;4d_Grid-Problem1.grid;4452;4388;73590;82812;1468;0.1109;0.35;5921
NAMOA_LAZY;4d_Grid-Problem1.grid;1901;2259;1073292;1229013;6875;13.6998;3.71;65178
NAMOA_LAZY;4d_Grid-Problem1.grid;1712;6;5004;5458;339;0.0028;0.04;620
NAMOA_LAZY;4d_Grid-Problem1.grid;3151;3120;33690;37561;663;0.0277;0.19;3003
NAMOA_LAZY;4d_Grid-Problem1.grid;5563;3166;10177;11353;456;0.0062;0.09;1446
NAMOA_LAZY;4d_Grid-Problem1.grid;2923;5339;254322;290474;7043;1.6389;1.37;22884
NAMOA_LAZY;4d_Grid-Problem1.grid;5517;4090;15255224;17790690;71989;2824.9320;42.59;743773
NAMOA_LAZY;4d_Grid-Problem1.grid;2282;2215;2324657;2804816;9587;30.6572;9.26;164986
NAMOA_LAZY;4d_Grid-Problem1.grid;8883;6404;36750288;45036960;151619;5457.6004;86.02;1490485
NAMOA_LAZY;4d_Grid-Problem1.grid;3950;5462;35588;39559;2102;0.0644;0.18;2565
NAMOA_LAZY;4d_Grid-Problem1.grid;5042;4134;3470;3798;288;0.0019;0.03;382
NAMOA_LAZY;4d_Grid-Problem1.grid;8292;6032;24156407;28318588;153488;5799.6969;58.28;1009052
NAMOA_LAZY;4d_Grid-Problem1.grid;2232;7400;26285128;30553633;157523;5863.9599;58.23;999356
NAMOA_LAZY;4d_Grid-Problem1.grid;9341;8870;97546;111456;2558;0.1472;0.47;7734
NAMOA_LAZY;4d_Grid-Problem1.grid;510;5333;9180166;10674227;71050;1132.3043;24.00;405008
NAMOA_LAZY;4d_Grid-Problem1.grid;4188;1730;18065025;21050014;126284;4110.8187;46.44;776798
NAMOA_LAZY;4d_Grid-Problem1.grid;6546;6276;35604;38422;900;0.0423;0.17;2808
NAMOA_LAZY;4d_Grid-Problem1.grid;7559;8887;327412;368829;7894;2.5916;1.32;21003
NAMOA_LAZY;4d_Grid-Problem1.grid;8691;9439;1343065;1585041;11101;15.9904;5.40;92405
NAMOA_LAZY;4d_Grid-Problem1.grid;5312;8417;41895;47200;775;0.0511;0.24;3869
NAMOA_LAZY;4d_Grid-Problem1.grid;9643;6976;2765370;3120778;37015;180.2740;7.25;118139
NAMOA_LAZY;4d_Grid-Problem1.grid;5902;6707;959;1026;127;0.0004;0.02;164
NAMOA_LAZY;4d_Grid-Problem1.grid;4730;1801;3084603;3460478;48469;196.3013;9.05;147849
NAMOA_LAZY;4d_Grid-Problem1.grid;5589;7944;5044058;5931490;63260;287.6468;13.33;220495
NAMOA_LAZY;4d_Grid-Problem1.grid;9072;8607;1398990;1663357;7736;10.8742;5.71;100091
NAMOA_LAZY;4d_Grid-Problem1.grid;3438;2025;28791;33075;1269;0.0359;0.18;2906
NAMOA_LAZY;4d_Grid-Problem1.grid;8019;5239;755889;856822;12965;9.3599;2.87;47851
NAMOA_LAZY;4d_Grid-Problem1.grid;4301;7804;132682;153626;2888;0.2933;0.90;15288
NAMOA_LAZY;4d_Grid-Problem2.grid;67;4057;409445;451484;4747;2.3505;1.37;23027
NAMOA_LAZY;4d_Grid-Problem1.grid;5187;7425;12490764;14945749;105511;1329.6596;31.21;519214
NAMOA_LAZY;4d_Grid-Problem2.grid;9536;7863;413871;476663;11316;3.5064;1.92;31102
NAMOA_LAZY;4d_Grid-Problem2.grid;3989;5197;4197;4655;374;0.0022;0.04;531
NAMOA_LAZY;4d_Grid-Problem1.grid;6806;3243;11716366;13460756;81169;1613.4211;21.17;352990
NAMOA_LAZY;4d_Grid-Problem2.grid;7282;6108;8809803;10693554;40707;653.3672;30.59;535814
NAMOA_LAZY;4d_Grid-Problem2.grid;8725;9357;109784;125877;1709;0.1515;0.62;10264
NAMOA_LAZY;4d_Grid-Problem2.grid;5859;4670;16646;18057;1248;0.0194;0.11;1423
NAMOA_LAZY;4d_Grid-Problem2.grid;7824;2211;6477989;7882604;51946;384.3284;23.81;409898
NAMOA_LAZY;4d_Grid-Problem1.grid;8934;3962;14745180;16899881;92992;2729.9642;34.78;591256
NAMOA_LAZY;4d_Grid-Problem2.grid;2243;6860;2104181;2406901;21525;53.1600;5.84;98689
NAMOA_LAZY;4d_Grid-Problem1.grid;77;3132;14163463;16181229;118225;3022.1965;29.88;502011
NAMOA_LAZY;4d_Grid-Problem1.grid;988;8871;26423682;31677315;92394;4224.9745;68.76;1201404
NAMOA_LAZY;4d_Grid-Problem2.grid;3897;1245;13860578;16208706;93160;2064.5306;40.89;707573
NAMOA_LAZY;4d_Grid-Problem2.grid;4240;5850;29221;32605;2175;0.0396;0.18;2502
NAMOA_LAZY;4d_Grid-Problem2.grid;9045;8420;23779;26515;858;0.0173;0.16;2413
NAMOA_LAZY;4d_Grid-Problem2.grid;4258;7670;385139;449125;9746;2.3176;1.74;28973
NAMOA_LAZY;4d_Grid-Problem2.grid;8181;5583;31759;35150;867;0.0299;0.19;3198
NAMOA_LAZY;4d_Grid-Problem2.grid;4973;8475;66359;76464;1015;0.1099;0.45;7741
NAMOA_LAZY;4d_Grid-Problem2.grid;8436;8272;43286;51721;516;0.0325;0.45;7844
NAMOA_LAZY;4d_Grid-Problem2.grid;69;2655;150018;167551;3901;0.4305;0.75;12157
NAMOA_LAZY;4d_Grid-Problem2.grid;1912;6918;1605467;1890863;12884;21.6903;6.19;107101
NAMOA_LAZY;4d_Grid-Problem2.grid;6003;6829;69288;83594;1970;0.0944;0.57;9450
NAMOA_LAZY;4d_Grid-Problem2.grid;3653;110;16764532;19713090;134118;3253.7215;39.88;674556
NAMOA_LAZY;4d_Grid-Problem2.grid;1028;1558;70582;85187;1254;0.0876;0.93;16141
NAMOA_LAZY;4d_Grid-Problem2.grid;5805;5126;30943;34834;1357;0.0400;0.19;2896
NAMOA_LAZY;4d_Grid-Problem2.grid;4192;1596;24848;27860;839;0.0230;0.17;2658
NAMOA_LAZY;4d_Grid-Problem2.grid;1748;2951;1088;1179;75;0.0004;0.01;144
NAMOA_LAZY;4d_Grid-Problem2.grid;131;1220;10572;12007;938;0.0095;0.08;1217
NAMOA_LAZY;4d_Grid-Problem2.grid;8942;6664;321227;366759;6693;1.0749;1.08;17449
NAMOA_LAZY;4d_Grid-Problem2.grid;5826;5288;2786529;3305269;22701;67.7460;10.92;186207
NAMOA_LAZY;4d_Grid-Problem2.grid;1538;5868;5016757;5782340;62301;311.7147;13.51;222717
NAMOA_LAZY;4d_Grid-Problem2.grid;5462;3430;1707744;1952363;27206;39.6033;5.95;98803
NAMOA_LAZY;4d_Grid-Problem2.grid;4828;1155;5249466;6105751;68828;299.4756;15.72;265296
NAMOA_LAZY;4d_Grid-Problem2.grid;6666;3486;1176508;1370526;23250;22.3825;5.45;91855
NAMOA_LAZY;4d_Grid-Problem2.grid;506;1543;662782;756056;9101;9.2437;2.87;48024
NAMOA_LAZY;4d_Grid-Problem2.grid;4925;9800;6664964;7825858;67497;428.3315;19.68;335985
NAMOA_LAZY;4d_Grid-Problem2.grid;4872;5724;304962;349127;5658;1.0269;1.12;17772
NAMOA_LAZY;4d_Grid-Problem2.grid;7785;4234;23773447;28076428;170059;4942.9065;60.00;1027432
NAMOA_LAZY;4d_Grid-Problem2.grid;2767;8073;1563486;1820474;10846;31.9423;5.60;97723
NAMOA_LAZY;4d_Grid-Problem2.grid;580;198;6318;7118;358;0.0038;0.07;879
NAMOA_LAZY;4d_Grid-Problem2.grid;8461;6756;10190;11302;624;0.0081;0.08;1214
NAMOA_LAZY;4d_Grid-Problem2.grid;4858;4728;35956;40379;815;0.0322;0.19;2939
NAMOA_LAZY;4d_Grid-Problem2.grid;6581;3274;88084;100592;1987;0.1152;0.52;8403
NAMOA_LAZY;4d_Grid-Problem2.grid;2573;4100;11591960;13396154;56868;1398.8426;23.65;406144
NAMOA_LAZY;4d_Grid-Problem2.grid;6046;672;18140825;21192289;106938;3158.6040;48.41;847921
NAMOA_LAZY;4d_Grid-Problem2.grid;512;6339;14003768;15848962;126284;2515.2250;31.58;521925
NAMOA_LAZY;4d_Grid-Problem2.grid;8179;9704;15144054;18073804;79802;2429.2292;37.54;651024
NAMOA_LAZY;4d_Grid-Problem2.grid;8057;1347;7502077;8881117;42022;609.8278;24.55;427350
NAMOA_LAZY;4d_Grid-Problem2.grid;2470;6026;11045412;12965020;85749;1192.8998;31.89;548079
NAMOA_LAZY;4d_Grid-Problem2.grid;8288;7856;62013;74090;1288;0.0699;0.46;7862
NAMOA_LAZY;4d_Grid-Problem2.grid;9886;8247;1075649;1240823;25324;21.8327;3.91;64185
NAMOA_LAZY;4d_Grid-Problem2.grid;4087;5814;14702507;17279009;84257;1476.1675;30.55;521709
NAMOA_LAZY;4d_Grid-Problem2.grid;5158;1261;287946;327599;5036;1.3365;1.46;25089
NAMOA_LAZY;4d_Grid-Problem2.grid;4989;1146;20850120;24769646;176063;5933.6980;55.71;957552
NAMOA_LAZY;4d_Grid-Problem2.grid;3414;2637;35285;41300;1096;0.0321;0.28;4684
NAMOA_LAZY;4d_Grid-Problem2.grid;6556;4166;50512;57962;1771;0.0612;0.31;5211
NAMOA_LAZY;4d_Grid-Problem2.grid;5732;4672;598811;686311;9336;4.8439;2.35;39795
NAMOA_LAZY;4d_Grid-Problem2.grid;6906;1838;21289059;25287173;175394;3981.1019;52.91;897901
NAMOA_LAZY;4d_Grid-Problem2.grid;4071;9580;1146018;1409689;9455;11.2275;6.74;117883
NAMOA_LAZY;4d_Grid-Problem2.grid;5083;6523;4545040;5267275;28177;223.0979;14.86;255052
NAMOA_LAZY;4d_Grid-Problem2.grid;6545;2135;1032205;1203065;12218;12.2270;3.70;60873
NAMOA_LAZY;4d_Grid-Problem2.grid;8150;7989;91075;102955;1151;0.1216;0.47;7957
NAMOA_LAZY;4d_Grid-Problem2.grid;8852;4867;639032;726142;10396;9.1952;2.30;38809
NAMOA_LAZY;4d_Grid-Problem2.grid;4726;855;7682608;8992374;87576;703.3875;22.24;379513
NAMOA_LAZY;4d_Grid-Problem2.grid;8938;3424;3170375;3693502;25555;123.0205;11.00;187196
NAMOA_LAZY;4d_Grid-Problem2.grid;2792;8867;10325079;11900373;87788;1444.5126;26.39;455578
NAMOA_LAZY;4d_Grid-Problem2.grid;813;7934;17666801;20328107;78961;2965.1587;44.89;778463
NAMOA_LAZY;4d_Grid-Problem2.grid;9472;3393;11965935;14117668;69945;1435.4200;33.07;578429
NAMOA_LAZY;4d_Grid-Problem2.grid;6780;2955;4934807;5794310;75663;323.9265;16.16;262100
NAMOA_LAZY;4d_Grid-Problem3.grid;7085;3269;927733;1065581;10646;10.3409;3.66;62909
NAMOA_LAZY;4d_Grid-Problem3.grid;9435;3924;1952445;2278092;12920;55.8208;7.74;134995
NAMOA_LAZY;4d_Grid-Problem3.grid;8201;8034;39147;46935;680;0.0296;0.31;5343
NAMOA_LAZY;4d_Grid-Problem3.grid;6174;979;1552469;1869291;11942;20.9684;6.12;105329
NAMOA_LAZY;4d_Grid-Problem2.grid;9123;2136;13756653;15970464;70741;2265.9302;37.02;639932
NAMOA_LAZY;4d_Grid-Problem3.grid;7420;5967;2140432;2519796;18830;49.9428;8.31;144344
NAMOA_LAZY;4d_Grid-Problem3.grid;560;3438;784431;889901;19580;11.4302;3.17;48538
NAMOA_LAZY;4d_Grid-Problem3.grid;8728;4607;3283351;3776811;31663;159.2842;10.65;183778
NAMOA_LAZY;4d_Grid-Problem3.grid;6042;1955;918785;1071074;13561;9.7543;3.75;62074
NAMOA_LAZY;4d_Grid-Problem3.grid;1765;2270;363;396;46;0.0001;0.01;84
NAMOA_LAZY;4d_Grid-Problem3.grid;4927;3140;30576;34270;1290;0.0473;0.19;2562
NAMOA_LAZY;4d_Grid-Problem3.grid;4329;5496;7683409;8982014;46480;657.9306;21.41;370833
NAMOA_LAZY;4d_Grid-Problem3.grid;9971;7779;25748;29167;1095;0.0198;0.16;2470
NAMOA_LAZY;4d_Grid-Problem3.grid;5286;5079;163;202;17;0.0000;0.01;80
NAMOA_LAZY;4d_Grid-Problem3.grid;2987;7998;1540584;1900419;20069;18.1815;6.47;109861
NAMOA_LAZY;4d_Grid-Problem3.grid;3856;9732;10738030;12806286;52106;1159.1663;27.65;480130
NAMOA_LAZY;4d_Grid-Problem3.grid;2946;1301;2867671;3334753;57415;127.4999;10.20;170049
NAMOA_LAZY;4d_Grid-Problem3.grid;4407;1938;1719789;1941699;29504;55.6066;5.25;83794
NAMOA_LAZY;4d_Grid-Problem3.grid;683;3140;3919299;4589302;58510;162.0820;13.59;232887
NAMOA_LAZY;4d_Grid-Problem3.grid;1670;1174;262;284;32;0.0001;0.01;68
NAMOA_LAZY;4d_Grid-Problem2.grid;1248;5386;22175895;25458914;163476;4526.5399;50.86;842691
NAMOA_LAZY;4d_Grid-Problem3.grid;5942;8780;2774202;3330368;30167;61.7143;10.28;176843
NAMOA_LAZY;4d_Grid-Problem3.grid;5292;4511;9154885;10710842;25186;938.6645;26.86;477158
NAMOA_LAZY;4d_Grid-Problem3.grid;633;1950;41493;45163;2566;0.0702;0.27;3816
NAMOA_LAZY;4d_Grid-Problem3.grid;8760;6825;906111;1020874;18069;14.8981;3.25;52721
NAMOA_LAZY;4d_Grid-Problem3.grid;5338;9745;509190;594075;6205;2.8699;2.06;35747
NAMOA_LAZY;4d_Grid-Problem3.grid;2552;4720;1290312;1497217;21852;37.3025;4.92;80691
NAMOA_LAZY;4d_Grid-Problem3.grid;6939;8135;1221;1322;97;0.0004;0.02;193
NAMOA_LAZY;4d_Grid-Problem3.grid;3926;4851;49668;53664;1355;0.0782;0.26;3907
NAMOA_LAZY;4d_Grid-Problem3.grid;6522;2440;1564435;1767530;22017;49.2852;5.24;83701
NAMOA_LAZY;4d_Grid-Problem3.grid;2358;5863;98510;111692;2042;0.1735;0.55;9299
NAMOA_LAZY;4d_Grid-Problem3.grid;4589;79;1323271;1584418;15846;18.9777;5.62;97057
NAMOA_LAZY;4d_Grid-Problem3.grid;3043;6447;84044;96959;2148;0.1569;0.49;7916
NAMOA_LAZY;4d_Grid-Problem2.grid;6012;8092;31992717;38111620;121801;5712.0278;85.15;1497493
NAMOA_LAZY;4d_Grid-Problem3.grid;1192;7695;2193390;2654385;15313;33.2775;6.94;120072
NAMOA_LAZY;4d_Grid-Problem3.grid;3968;9181;1712322;1958326;14387;32.6834;5.26;90030
NAMOA_LAZY;4d_Grid-Problem3.grid;1922;8007;6944342;8296912;44593;398.8655;22.12;383455
NAMOA_LAZY;4d_Grid-Problem3.grid;9747;6432;338458;383772;7602;1.6678;1.44;23880
NAMOA_LAZY;4d_Grid-Problem3.grid;3552;7053;44178;50175;1108;0.0555;0.32;5371
NAMOA_LAZY;4d_Grid-Problem3.grid;3525;852;1334183;1529651;18706;30.6309;5.75;97565
NAMOA_LAZY;4d_Grid-Problem3.grid;7194;8051;325483;363708;4973;1.4614;1.06;18229
NAMOA_LAZY;4d_Grid-Problem3.grid;4304;7428;1082265;1213824;17199;26.1547;3.49;56547
NAMOA_LAZY;4d_Grid-Problem3.grid;2661;8675;6649500;7815881;53488;391.3080;17.77;305955
NAMOA_LAZY;4d_Grid-Problem3.grid;8355;3917;12383245;14091465;91503;2557.5611;32.13;551583
NAMOA_LAZY;4d_Grid-Problem3.grid;5640;1025;1305261;1500550;20197;30.8566;5.35;90049
NAMOA_LAZY;4d_Grid-Problem3.grid;5161;9759;540197;613518;4792;4.2407;1.84;32019
NAMOA_LAZY;4d_Grid-Problem3.grid;9405;8857;1129496;1336130;12398;12.1328;4.11;68455
NAMOA_LAZY;4d_Grid-Problem3.grid;8576;5983;60766;66385;2155;0.1443;0.26;4102
NAMOA_LAZY;4d_Grid-Problem3.grid;9634;5311;5762017;6685692;53248;548.2234;15.93;268174
NAMOA_LAZY;4d_Grid-Problem3.grid;1757;2728;113992;132596;4214;0.3675;0.69;11012
NAMOA_LAZY;4d_Grid-Problem3.grid;8942;4474;7213367;8266618;81944;770.6320;21.27;351173
NAMOA_LAZY;4d_Grid-Problem3.grid;5520;5937;4855;5162;373;0.0040;0.04;566
NAMOA_LAZY;4d_Grid-Problem3.grid;9273;969;26977838;31200340;58888;5006.9914;52.15;909661
NAMOA_LAZY;4d_Grid-Problem3.grid;3259;6451;207952;240799;5637;0.9784;1.27;20711
NAMOA_LAZY;4d_Grid-Problem3.grid;5021;6184;6201453;7237697;33591;341.2004;19.73;342900
NAMOA_LAZY;4d_Grid-Problem3.grid;7647;9423;460706;538021;10943;3.1106;2.56;41801
NAMOA_LAZY;4d_Grid-Problem3.grid;7430;3712;1214573;1413123;18191;30.5797;5.70;96950
NAMOA_LAZY;4d_Grid-Problem3.grid;4324;7524;40873;44901;1262;0.0527;0.18;2755
NAMOA_LAZY;4d_Grid-Problem3.grid;8394;7047;1363853;1540114;14670;28.6222;3.71;62819
NAMOA_LAZY;4d_Grid-Problem3.grid;9184;9671;3697;4194;274;0.0018;0.04;602
NAMOA_LAZY;4d_Grid-Problem3.grid;2967;8486;9369810;10784142;59436;894.0417;22.15;384798
NAMOA_LAZY;4d_Grid-Problem3.grid;8461;8043;1924;2072;124;0.0007;0.03;386
NAMOA_LAZY;4d_Grid-Problem3.grid;6461;5042;76306;84272;3266;0.2009;0.44;6965
NAMOA_LAZY;4d_Grid-Problem3.grid;9133;6230;23488;25957;560;0.0289;0.19;3129
NAMOA_LAZY;4d_Grid-Problem3.grid;1350;51;668;750;35;0.0002;0.01;179
NAMOA_LAZY;4d_Grid-Problem3.grid;1074;7956;17056342;19853971;102922;2663.3618;38.98;660132
NAMOA_LAZY;4d_Grid-Problem3.grid;6374;7559;26360;29904;1397;0.0254;0.17;2478
NAMOA_LAZY;4d_Grid-Problem3.grid;3765;6307;26470286;31647896;192506;6283.9074;71.23;1205387
NAMOA_LAZY;4d_Grid-Problem3.grid;5243;6040;418;446;71;0.0001;0.01;76
NAMOA_LAZY;4d_Grid-Problem3.grid;1704;1241;186299;214621;3833;0.6790;0.86;14101
NAMOA_LAZY;4d_Grid-Problem3.grid;4074;5907;9094829;10947080;56572;800.7984;32.72;568175
NAMOA_LAZY;4d_Grid-Problem3.grid;7712;2429;3405775;3898822;31031;204.2806;10.44;175068
NAMOA_LAZY;4d_Grid-Problem3.grid;7259;5681;335569;384768;10723;2.0394;1.53;24250
NAMOA_LAZY;4d_Grid-Problem3.grid;5278;5063;1778;1903;120;0.0007;0.02;264
NAMOA_LAZY;4d_Grid-Problem4.grid;4137;1957;460502;566790;13154;3.3596;3.18;53429
NAMOA_LAZY;4d_Grid-Problem4.grid;1548;3706;3302427;3983649;41230;116.6177;12.76;217369
NAMOA_LAZY;4d_Grid-Problem3.grid;5157;9989;11183660;12712496;92865;1187.3246;20.93;347570
NAMOA_LAZY;4d_Grid-Problem3.grid;5905;8846;9801931;11239241;92408;1186.8094;24.94;418653
NAMOA_LAZY;4d_Grid-Problem4.grid;7494;2474;4905376;5699356;44197;323.4348;14.71;253492
NAMOA_LAZY;4d_Grid-Problem3.grid;2393;6364;8253555;9485320;127047;881.8366;19.34;316083
NAMOA_LAZY;4d_Grid-Problem4.grid;4746;2811;1579118;1826857;22342;34.8492;6.00;100860
NAMOA_LAZY;4d_Grid-Problem4.grid;9931;9871;102612;116947;2103;0.3053;0.53;9085
NAMOA_LAZY;4d_Grid-Problem4.grid;1634;4228;48338;54553;1407;0.0536;0.29;4773
NAMOA_LAZY;4d_Grid-Problem4.grid;9488;3476;3576708;4411653;34334;102.1479;13.83;238956
NAMOA_LAZY;4d_Grid-Problem4.grid;4670;952;1594604;1821728;27148;37.8583;6.24;101814
NAMOA_LAZY;4d_Grid-Problem4.grid;9608;9933;22821;25105;1044;0.0266;0.17;2634
NAMOA_LAZY;4d_Grid-Problem4.grid;4247;8028;3688808;4255303;60640;187.2540;11.91;190626
NAMOA_LAZY;4d_Grid-Problem4.grid;9458;7212;3360292;3981814;33528;100.7455;10.66;183077
NAMOA_LAZY;4d_Grid-Problem3.grid;72;7056;14969026;17697868;88562;2271.5582;32.37;556286
NAMOA_LAZY;4d_Grid-Problem4.grid;8078;3359;3998421;4495909;41708;210.7298;8.62;143437
NAMOA_LAZY;4d_Grid-Problem4.grid;7701;7801;5;5;1;0.0000;0.01;4
NAMOA_LAZY;4d_Grid-Problem4.grid;9576;9769;202;219;22;0.0000;0.01;40
NAMOA_LAZY;4d_Grid-Problem4.grid;750;6851;4213826;5090869;27523;152.3690;13.83;242253
NAMOA_LAZY;4d_Grid-Problem4.grid;6132;3956;572068;634035;12960;5.9996;1.72;26473
NAMOA_LAZY;4d_Grid-Problem4.grid;5625;8937;215582;242378;5760;0.9871;0.92;14211
NAMOA_LAZY;4d_Grid-Problem4.grid;5013;1432;1255635;1427863;20501;21.6502;4.47;75132
NAMOA_LAZY;4d_Grid-Problem4.grid;3567;2008;6445137;7676536;55794;794.7026;22.76;391458
NAMOA_LAZY;4d_Grid-Problem4.grid;7375;5564;41077;44817;1530;0.0679;0.27;4295
NAMOA_LAZY;4d_Grid-Problem4.grid;5838;3441;15888;18071;645;0.0101;0.10;1622
NAMOA_LAZY;4d_Grid-Problem4.grid;1519;6146;12960147;15008202;95489;2104.4828;31.29;523935
NAMOA_LAZY;4d_Grid-Problem4.grid;4848;719;10575015;12438401;109790;1447.4384;30.58;513479
NAMOA_LAZY;4d_Grid-Problem3.grid;6054;1990;21886216;25386026;190878;5421.7338;51.39;863656
NAMOA_LAZY;4d_Grid-Problem4.grid;7039;8812;785069;913113;15817;10.7372;3.60;59560
NAMOA_LAZY;4d_Grid-Problem3.grid;5437;475;28044642;32580373;149624;5815.3999;58.51;1005213
NAMOA_LAZY;4d_Grid-Problem3.grid;48;5220;20179150;23179103;116512;6364.7419;44.99;766287
NAMOA_LAZY;4d_Grid-Problem4.grid;6617;5787;5674969;6668373;22002;250.3624;17.53;308592
NAMOA_LAZY;4d_Grid-Problem4.grid;4275;5508;6524486;7743861;38592;337.7426;23.22;408293
NAMOA_LAZY;4d_Grid-Problem4.grid;5774;4779;1223;1381;86;0.0004;0.02;216
NAMOA_LAZY;4d_Grid-Problem4.grid;8121;2647;18874647;22121186;141912;3717.7554;41.16;697527
NAMOA_LAZY;4d_Grid-Problem4.grid;7853;3727;4168722;4864290;42737;253.8694;12.62;214616
NAMOA_LAZY;4d_Grid-Problem4.grid;6433;8171;856742;1018598;15728;10.2120;3.88;66682
NAMOA_LAZY;4d_Grid-Problem4.grid;2748;7580;14939790;17243494;122674;3113.4552;34.05;571345
NAMOA_LAZY;4d_Grid-Problem4.grid;7160;2771;1059206;1265807;13322;9.5379;3.88;64251
NAMOA_LAZY;4d_Grid-Problem4.grid;4208;7308;57706;68692;1408;0.0651;0.40;6600
NAMOA_LAZY;4d_Grid-Problem4.grid;516;2802;217339;240639;7588;0.8904;1.00;15208
NAMOA_LAZY;4d_Grid-Problem4.grid;1739;339;1393;1468;128;0.0006;0.02;167
NAMOA_LAZY;4d_Grid-Problem4.grid;4196;1775;627868;728492;12788;4.7710;2.79;44930
NAMOA_LAZY;4d_Grid-Problem4.grid;6764;367;3793607;4478278;20904;125.9584;10.82;188162
NAMOA_LAZY;4d_Grid-Problem4.grid;9185;3062;8985465;10513102;52615;900.2228;22.78;392507
NAMOA_LAZY;4d_Grid-Problem4.grid;2392;2576;3289;3818;202;0.0013;0.04;624
NAMOA_LAZY;4d_Grid-Problem4.grid;156;144;337;388;26;0.0001;0.01;103
NAMOA_LAZY;4d_Grid-Problem4.grid;4018;2729;14326;15944;804;0.0108;0.11;1612
NAMOA_LAZY;4d_Grid-Problem4.grid;3268;1658;32145;35356;2170;0.0696;0.20;2519
NAMOA_LAZY;4d_Grid-Problem4.grid;7829;9954;563070;617533;12442;7.9943;2.16;35127
NAMOA_LAZY;4d_Grid-Problem4.grid;6412;3738;1345401;1587310;20152;18.6234;4.83;81169
NAMOA_LAZY;4d_Grid-Problem4.grid;1971;1165;892;984;99;0.0003;0.01;131
NAMOA_LAZY;4d_Grid-Problem4.grid;4058;2631;313375;366914;7030;1.4698;1.62;26517
NAMOA_LAZY;4d_Grid-Problem4.grid;9362;6846;364510;422912;10061;2.3113;1.83;29124
NAMOA_LAZY;4d_Grid-Problem4.grid;2877;1692;35734;40495;1427;0.0477;0.20;3055
NAMOA_LAZY;4d_Grid-Problem4.grid;5911;9152;13094168;15225429;137767;2065.9595;31.76;518738
NAMOA_LAZY;4d_Grid-Problem4.grid;6512;8085;11377280;13383211;44888;1601.8341;34.12;596983
NAMOA_LAZY;4d_Grid-Problem4.grid;8336;2554;8154375;9649669;52268;783.2074;20.44;355145
NAMOA_LAZY;4d_Grid-Problem4.grid;519;537;1384;1443;100;0.0004;0.01;150
NAMOA_LAZY;4d_Grid-Problem4.grid;3416;5688;25876569;30961680;115853;5191.3257;63.36;1098007
NAMOA_LAZY;4d_Grid-Problem4.grid;1464;3453;59066;66832;2346;0.1307;0.32;5208
NAMOA_LAZY;4d_Grid-Problem4.grid;6833;5594;4857726;5705260;27212;208.4832;13.48;232396
NAMOA_LAZY;4d_Grid-Problem4.grid;5687;7301;30584892;37790657;120670;6187.8141;89.81;1576004
NAMOA_LAZY;4d_Grid-Problem4.grid;2998;2687;633;680;55;0.0002;0.01;102
NAMOA_LAZY;4d_Grid-Problem4.grid;9731;7149;272973;308661;7384;1.9175;1.29;20452
NAMOA_LAZY;4d_Grid-Problem4.grid;5751;5830;8789;10023;412;0.0060;0.10;1526
NAMOA_LAZY;4d_Grid-Problem4.grid;3710;1640;1595031;1826145;22187;25.6341;5.14;86045
NAMOA_LAZY;4d_Grid-Problem4.grid;3434;5676;3415436;4086829;36953;162.1172;13.48;231865
NAMOA_LAZY;4d_Grid-Problem4.grid;7034;8785;3551440;4083036;39864;170.9297;10.35;176087
NAMOA_LAZY;4d_Grid-Problem4.grid;4961;7798;3689520;4175351;43486;203.2158;9.69;161277
NAMOA_LAZY;4d_Grid-Problem4.grid;7862;9693;1063885;1212672;24372;19.8768;4.45;74077
NAMOA_LAZY;4d_Grid-Problem4.grid;2757;7866;1442677;1706995;13629;20.8092;5.40;91916
NAMOA_LAZY;4d_Grid-Problem4.grid;9261;6506;19229488;22718468;139005;3071.9669;44.51;750731
NAMOA_LAZY;4d_Grid-Problem5.grid;7002;8718;59812;66021;1727;0.1091;0.24;3665
NAMOA_LAZY;4d_Grid-Problem5.grid;6252;5956;72;82;15;0.0000;0.01;27
NAMOA_LAZY;4d_Grid-Problem5.grid;9149;9994;449927;537826;6549;1.4014;1.85;32041
NAMOA_LAZY;4d_Grid-Problem5.grid;6418;9753;8067672;9443559;91151;833.8311;23.30;395525
NAMOA_LAZY;4d_Grid-Problem5.grid;3970;1972;6996;7847;293;0.0033;0.04;744
NAMOA_LAZY;4d_Grid-Problem5.grid;2134;2713;19633;22573;1043;0.0263;0.19;2923
NAMOA_LAZY;4d_Grid-Problem5.grid;8346;7435;5616;6162;426;0.0031;0.06;698
NAMOA_LAZY;4d_Grid-Problem5.grid;2878;9086;3471209;4268129;26819;85.3521;13.09;226248
NAMOA_LAZY;4d_Grid-Problem5.grid;655;123;74912;84922;2299;0.1347;0.35;5535
NAMOA_LAZY;4d_Grid-Problem5.grid;3705;1523;304895;346371;8227;1.4679;1.53;25150
NAMOA_LAZY;4d_Grid-Problem5.grid;3652;2347;3459;3957;257;0.0014;0.04;635
NAMOA_LAZY;4d_Grid-Problem5.grid;4439;2023;329791;374398;11948;1.9845;1.51;24275
NAMOA_LAZY;4d_Grid-Problem5.grid;2612;7521;736107;837351;9481;6.0766;2.18;35838
NAMOA_LAZY;4d_Grid-Problem5.grid;3196;3720;12400195;15218569;49245;632.1313;37.59;656860
NAMOA_LAZY;4d_Grid-Problem5.grid;2085;4335;7972409;9154795;100068;731.7123;22.68;380780
NAMOA_LAZY;4d_Grid-Problem5.grid;3633;2238;4388;4942;336;0.0026;0.06;732
NAMOA_LAZY;4d_Grid-Problem5.grid;4988;4616;2962907;3607248;13688;48.1428;10.40;181939
NAMOA_LAZY;4d_Grid-Problem5.grid;3605;311;89655;103478;2063;0.1477;0.56;9531
NAMOA_LAZY;4d_Grid-Problem5.grid;4633;6981;4084395;4672584;40276;199.2450;10.43;177930
NAMOA_LAZY;4d_Grid-Problem5.grid;5293;6029;5147202;6046017;43193;251.5454;15.43;262535
NAMOA_LAZY;4d_Grid-Problem5.grid;1301;3363;10285600;12398608;64424;878.3177;31.36;545207
NAMOA_LAZY;4d_Grid-Problem5.grid;8952;7349;1977;2147;114;0.0007;0.02;201
NAMOA_LAZY;4d_Grid-Problem5.grid;1388;4575;147337;168902;2597;0.2445;0.75;12404
NAMOA_LAZY;4d_Grid-Problem5.grid;5229;1925;78636;90419;2936;0.1346;0.40;6541
NAMOA_LAZY;4d_Grid-Problem5.grid;4297;774;1596897;1856260;31526;52.4510;7.38;123105
NAMOA_LAZY;4d_Grid-Problem5.grid;7339;2921;2680081;3014982;24179;87.3525;6.97;118306
NAMOA_LAZY;4d_Grid-Problem5.grid;6131;3401;1524118;1773250;22338;22.8599;5.50;93054
NAMOA_LAZY;4d_Grid-Problem5.grid;3324;4585;5293048;6066315;34384;341.3836;15.53;267699
NAMOA_LAZY;4d_Grid-Problem5.grid;4441;2292;7473342;8676125;58723;401.7163;20.28;351245
NAMOA_LAZY;4d_Grid-Problem5.grid;5270;1653;799856;920786;16325;13.1880;3.06;50271
NAMOA_LAZY;4d_Grid-Problem5.grid;6161;3044;761093;859144;11452;12.8087;3.10;51786
NAMOA_LAZY;4d_Grid-Problem5.grid;84;1975;37159;41062;2390;0.0535;0.25;3425
NAMOA_LAZY;4d_Grid-Problem5.grid;3561;6053;51473;57957;2267;0.0988;0.34;5078
NAMOA_LAZY;4d_Grid-Problem5.grid;115;3123;161890;193255;3190;0.3399;1.05;17573
NAMOA_LAZY;4d_Grid-Problem5.grid;4337;1024;383282;453340;7887;1.8606;2.17;36682
NAMOA_LAZY;4d_Grid-Problem5.grid;3266;6220;10084383;11667048;71583;1565.6592;26.66;457435
NAMOA_LAZY;4d_Grid-Problem5.grid;7382;9532;6536537;7477846;55966;680.0288;16.25;273592
NAMOA_LAZY;4d_Grid-Problem5.grid;7325;6482;1569786;1821795;11526;29.1647;4.92;83636
NAMOA_LAZY;4d_Grid-Problem5.grid;2370;6762;681716;803036;6512;5.1045;2.43;42193
NAMOA_LAZY;4d_Grid-Problem5.grid;8231;2554;11772426;13440511;102006;1738.0208;27.83;477963
NAMOA_LAZY;4d_Grid-Problem5.grid;5030;3131;1295;1392;41;0.0003;0.02;223
NAMOA_LAZY;4d_Grid-Problem5.grid;7162;1874;2639312;3081421;26244;77.5691;10.12;172938
NAMOA_LAZY;4d_Grid-Problem5.grid;2018;182;7483028;8997471;67203;465.8841;27.51;464901
NAMOA_LAZY;4d_Grid-Problem5.grid;1087;4298;299342;347225;7075;1.3494;1.56;25752
NAMOA_LAZY;4d_Grid-Problem5.grid;6701;5827;121827;140599;3937;0.3811;0.52;8154
NAMOA_LAZY;4d_Grid-Problem5.grid;2250;2580;31645;36970;1032;0.0338;0.27;4364
NAMOA_LAZY;4d_Grid-Problem5.grid;1351;1501;505557;576771;2082;2.6980;1.64;28179
NAMOA_LAZY;4d_Grid-Problem5.grid;305;1213;2418;2676;242;0.0012;0.02;288
NAMOA_LAZY;4d_Grid-Problem5.grid;9854;2849;5591904;6621831;24458;327.3102;17.15;298548
NAMOA_LAZY;4d_Grid-Problem5.grid;1334;826;596;679;77;0.0002;0.01;138
NAMOA_LAZY;4d_Grid-Problem5.grid;8805;5537;5990346;7077074;75286;358.4873;15.42;256471
NAMOA_LAZY;4d_Grid-Problem5.grid;8811;2130;17231830;20791893;86560;2071.8949;49.29;859519
NAMOA_LAZY;4d_Grid-Problem5.grid;4298;7842;26610122;31962985;117687;4435.3721;72.59;1257686
NAMOA_LAZY;4d_Grid-Problem5.grid;3323;9635;5604313;6760571;41435;214.2599;18.92;328161
NAMOA_LAZY;4d_Grid-Problem5.grid;9988;2888;4222381;5160519;18467;100.0904;16.13;283957
NAMOA_LAZY;4d_Grid-Problem5.grid;3564;3469;42;47;5;0.0000;0.01;22
NAMOA_LAZY;4d_Grid-Problem5.grid;5916;8731;394326;431289;11802;4.8666;1.44;20909
NAMOA_LAZY;4d_Grid-Problem5.grid;4348;7517;2635858;2977097;40627;155.8573;6.99;112762
NAMOA_LAZY;4d_Grid-Problem5.grid;5936;4688;1032798;1178800;8777;18.5459;3.32;56210
NAMOA_LAZY;4d_Grid-Problem5.grid;3942;4538;244;264;29;0.0001;0.01;58
NAMOA_LAZY;4d_Grid-Problem5.grid;3618;3865;664574;773791;5683;4.0267;3.30;57046
NAMOA_LAZY;4d_Grid-Problem5.grid;8164;3088;8583419;9922561;72236;984.7009;23.09;392738
NAMOA_LAZY;4d_Grid-Problem5.grid;2379;9875;5821825;7219496;28163;240.0048;24.26;423829
NAMOA_LAZY;4d_Grid-Problem5.grid;5423;3587;6711560;7800600;46565;405.3034;20.28;350593
NAMOA_LAZY;4d_Grid-Problem5.grid;4827;2100;1622769;1871979;25996;38.9339;5.53;91375
NAMOA_LAZY;4d_Grid-Problem5.grid;6669;7551;10534;11259;571;0.0078;0.07;899
NAMOA_LAZY;4d_Grid-Problem5.grid;7325;2006;6020458;6835422;64094;514.7251;14.63;242980
NAMOA_LAZY;4d_Grid-Problem5.grid;9687;8436;1925145;2280786;18893;29.3421;5.95;100655
NAMOA_LAZY;4d_Grid-Problem5.grid;5467;5918;996303;1144790;11488;16.7958;2.91;49240
NAMOA_LAZY;4d_Grid-Problem5.grid;1444;3504;1056355;1215846;14083;17.4883;3.95;67230
NAMOA_LAZY;4d_Grid-Problem5.grid;3968;2553;27709;32263;1425;0.0258;0.21;3262
NAMOA_LAZY;4d_Grid-Problem5.grid;6530;8543;80431;91354;2923;0.1863;0.45;7108
NAMOA_LAZY;4d_Grid-Problem5.grid;3341;5633;100080;114699;2536;0.2377;0.59;9885
NAMOA_LAZY;4d_Grid-Problem5.grid;8470;6421;4005774;4709201;41529;135.9643;11.97;204702
NAMOA_LAZY;4d_Grid-Problem5.grid;2239;827;36433;41042;2021;0.0661;0.27;3967
NAMOA_LAZY;4d_Grid-Problem5.grid;4352;899;22017057;25638981;141310;3695.3135;42.67;718324
NAMOA_LAZY;4d_Grid-Problem5.grid;7229;644;8566024;10400602;44577;578.3295;27.76;482774
NAMOA_LAZY;4d_Grid-Problem6.grid;7268;6857;767;847;56;0.0002;0.01;152
NAMOA_LAZY;4d_Grid-Problem5.grid;2204;4067;12042427;14229307;94191;1639.8052;36.64;620222
NAMOA_LAZY;4d_Grid-Problem6.grid;7133;5809;179867;204855;7158;0.7908;1.03;16049
NAMOA_LAZY;4d_Grid-Problem6.grid;620;664;395986;460662;4695;2.0214;1.94;33551
NAMOA_LAZY;4d_Grid-Problem6.grid;4680;4420;539417;648760;3704;2.9131;2.08;35305
NAMOA_LAZY;4d_Grid-Problem6.grid;8560;6859;4625;5202;252;0.0019;0.04;631
NAMOA_LAZY;4d_Grid-Problem6.grid;9558;7085;1195416;1393246;23731;20.5249;4.27;69084
NAMOA_LAZY;4d_Grid-Problem5.grid;3688;2803;21654276;25932302;54673;2664.6704;59.25;1043178
NAMOA_LAZY;4d_Grid-Problem6.grid;6619;5759;189619;216616;2797;0.4850;1.04;18049
NAMOA_LAZY;4d_Grid-Problem6.grid;2557;7869;1948009;2263170;21649;59.7195;5.80;98742
NAMOA_LAZY;4d_Grid-Problem6.grid;3504;3714;806;903;77;0.0003;0.02;186
NAMOA_LAZY;4d_Grid-Problem6.grid;1759;220;1599447;1914184;17708;21.2123;5.90;101927
NAMOA_LAZY;4d_Grid-Problem6.grid;3668;5765;6457;7063;264;0.0032;0.04;698
NAMOA_LAZY;4d_Grid-Problem6.grid;9376;9357;3723;3974;217;0.0016;0.03;431
NAMOA_LAZY;4d_Grid-Problem6.grid;6760;4797;2535946;2950580;25450;62.4877;6.32;105659
NAMOA_LAZY;4d_Grid-Problem6.grid;5459;4737;18392;20510;699;0.0155;0.12;1876
NAMOA_LAZY;4d_Grid-Problem6.grid;3574;4741;192890;210795;4645;0.6771;0.72;11109
NAMOA_LAZY;4d_Grid-Problem6.grid;285;4685;240745;272430;3427;0.7428;0.91;15176
NAMOA_LAZY;4d_Grid-Problem6.grid;3851;5818;1277758;1444578;28606;43.4745;4.18;66894
NAMOA_LAZY;4d_Grid-Problem6.grid;812;621;278;321;21;0.0001;0.01;92
NAMOA_LAZY;4d_Grid-Problem6.grid;9990;874;21192873;25802269;51523;2183.6298;60.54;1062918
NAMOA_LAZY;4d_Grid-Problem6.grid;5251;2893;5127628;5949036;58658;310.6425;12.36;213712
NAMOA_LAZY;4d_Grid-Problem5.grid;2103;4178;30846333;36264017;162239;7084.9233;81.95;1404837
NAMOA_LAZY;4d_Grid-Problem6.grid;6651;8439;41192;46892;1518;0.0486;0.29;4571
NAMOA_LAZY;4d_Grid-Problem6.grid;8030;2212;4797539;5913659;24414;165.0947;21.16;371400
NAMOA_LAZY;4d_Grid-Problem5.grid;5715;3496;30764025;35605900;138948;7018.6178;64.37;1125356
NAMOA_LAZY;4d_Grid-Problem6.grid;271;739;54367;63316;1429;0.0939;0.41;6824
NAMOA_LAZY;4d_Grid-Problem6.grid;2469;6568;385757;472960;3148;1.2787;3.09;54284
NAMOA_LAZY;4d_Grid-Problem6.grid;2098;2978;42839;47758;1990;0.0628;0.26;3806
NAMOA_LAZY;4d_Grid-Problem6.grid;8077;5233;10155493;11844909;86568;1645.2895;25.70;435027
NAMOA_LAZY;4d_Grid-Problem6.grid;67;6790;21514885;24928322;126548;4368.5474;45.79;783948
NAMOA_LAZY;4d_Grid-Problem6.grid;2162;5237;1889359;2175539;33210;36.7232;5.69;94839
NAMOA_LAZY;4d_Grid-Problem6.grid;4602;4600;17;17;3;0.0000;0.01;9
NAMOA_LAZY;4d_Grid-Problem6.grid;3519;3039;12650;13926;627;0.0091;0.08;1189
NAMOA_LAZY;4d_Grid-Problem6.grid;9062;5166;208994;250303;2939;0.5851;1.02;17507
NAMOA_LAZY;4d_Grid-Problem6.grid;4716;2165;7546601;8511512;57912;965.8678;15.94;272032
NAMOA_LAZY;4d_Grid-Problem6.grid;5399;2464;3825769;4441663;42576;146.8233;10.89;183915
NAMOA_LAZY;4d_Grid-Problem6.grid;9782;4766;4177110;4965690;37662;154.1372;14.34;247000
NAMOA_LAZY;4d_Grid-Problem6.grid;539;95;518219;601939;8398;4.0774;1.93;32774
NAMOA_LAZY;4d_Grid-Problem6.grid;7861;2452;1084482;1255793;11630;20.4434;4.38;75525
NAMOA_LAZY;4d_Grid-Problem6.grid;5846;5266;7733;8538;365;0.0039;0.07;934
NAMOA_LAZY;4d_Grid-Problem6.grid;3146;8951;3070194;3732685;12342;37.2442;14.64;256800
NAMOA_LAZY;4d_Grid-Problem6.grid;348;2899;9419024;11305462;70582;1040.4341;26.26;452662
NAMOA_LAZY;4d_Grid-Problem6.grid;9628;7510;245163;278178;5385;1.2632;1.13;18215
NAMOA_LAZY;4d_Grid-Problem6.grid;5828;2746;535349;610786;13733;6.6689;2.04;33081
NAMOA_LAZY;4d_Grid-Problem6.grid;3428;3769;208781;243166;2672;0.7249;0.97;16574
NAMOA_LAZY;4d_Grid-Problem6.grid;8363;8394;52853;63273;976;0.0484;0.34;5789
NAMOA_LAZY;4d_Grid-Problem6.grid;7428;6244;38013;41690;1990;0.0828;0.22;3168
NAMOA_LAZY;4d_Grid-Problem6.grid;9966;9386;9899;10856;668;0.0061;0.07;940
NAMOA_LAZY;4d_Grid-Problem6.grid;6848;5457;21077;24162;1602;0.0291;0.20;2971
NAMOA_LAZY;4d_Grid-Problem6.grid;9744;7687;4491204;5311113;44748;184.8954;11.83;199555
NAMOA_LAZY;4d_Grid-Problem6.grid;6956;7989;215072;250862;4242;1.3726;1.25;21327
NAMOA_LAZY;4d_Grid-Problem6.grid;8676;7833;978847;1191228;11476;6.2405;5.24;90382
NAMOA_LAZY;4d_Grid-Problem6.grid;1148;5267;2297396;2688012;28260;40.4172;7.94;135480
NAMOA_LAZY;4d_Grid-Problem6.grid;2970;4161;6051;6569;470;0.0040;0.04;544
NAMOA_LAZY;4d_Grid-Problem6.grid;1223;4946;1649709;1863972;24399;40.0791;5.01;82187
NAMOA_LAZY;4d_Grid-Problem6.grid;7589;8189;107;118;18;0.0000;0.01;28
NAMOA_LAZY;4d_Grid-Problem6.grid;1073;2288;20088;22348;926;0.0183;0.12;1845
NAMOA_LAZY;4d_Grid-Problem6.grid;846;8240;11552514;13624358;51045;1129.2186;31.42;545183
NAMOA_LAZY;4d_Grid-Problem6.grid;6127;7239;21739;24005;1216;0.0299;0.17;2434
NAMOA_LAZY;4d_Grid-Problem6.grid;3651;3948;68;73;14;0.0000;0.01;18
NAMOA_LAZY;4d_Grid-Problem6.grid;9471;8017;5420707;6226444;50276;391.2747;13.66;234954
NAMOA_LAZY;4d_Grid-Problem6.grid;9446;7038;46824;54870;1323;0.0531;0.31;5187
NAMOA_LAZY;4d_Grid-Problem6.grid;5399;6358;946535;1137850;16028;13.3160;4.16;71938
NAMOA_LAZY;4d_Grid-Problem6.grid;698;864;78211;93966;1415;0.0973;0.48;8365
NAMOA_LAZY;4d_Grid-Problem6.grid;600;943;263141;303554;3643;0.9077;1.39;23657
NAMOA_LAZY;4d_Grid-Problem6.grid;4032;5208;156080;184439;4988;0.4638;1.02;16523
NAMOA_LAZY;4d_Grid-Problem6.grid;6536;6946;828;890;80;0.0003;0.01;149
NAMOA_LAZY;4d_Grid-Problem6.grid;4476;4684;122;139;11;0.0000;0.01;40
NAMOA_LAZY;4d_Grid-Problem6.grid;6752;4066;246734;278964;8021;1.3652;1.06;16805
NAMOA_LAZY;4d_Grid-Problem6.grid;2150;2506;227258;257211;2682;0.6603;0.78;13346
NAMOA_LAZY;4d_Grid-Problem6.grid;2502;2009;510;568;58;0.0002;0.01;110
NAMOA_LAZY;4d_Grid-Problem6.grid;1074;2813;9430327;10986563;55361;921.9189;19.22;328815
NAMOA_LAZY;4d_Grid-Problem6.grid;7460;2358;947522;1108928;7621;9.6541;4.13;71110
NAMOA_LAZY;4d_Grid-Problem6.grid;5524;7295;17532465;20942952;75965;2769.8229;56.13;986539
NAMOA_LAZY;4d_Grid-Problem6.grid;1918;3610;9412;10785;432;0.0070;0.10;1601
NAMOA_LAZY;4d_Grid-Problem6.grid;2258;5964;152309;171581;2769;0.4433;0.64;10177
NAMOA_LAZY;4d_Grid-Problem6.grid;9084;9028;2388007;2783256;19032;81.2029;7.78;134121
NAMOA_LAZY;4d_Grid-Problem6.grid;4780;5960;85820;104571;3101;0.1495;0.64;10469
NAMOA_LAZY;4d_Grid-Problem6.grid;5883;9260;2283138;2668116;27507;58.8851;8.30;139396
NAMOA_LAZY;4d_Grid-Problem6.grid;5692;6632;1804820;2082041;10863;51.4915;6.27;109180
NAMOA_LAZY;4d_Grid-Problem7.grid;8839;7770;291157;328460;6966;2.5853;1.48;23988
NAMOA_LAZY;4d_Grid-Problem7.grid;8940;7078;2175980;2531740;35350;75.7300;9.26;155769
NAMOA_LAZY;4d_Grid-Problem6.grid;7333;454;20625485;24662740;97906;4681.2409;65.60;1152332
NAMOA_LAZY;4d_Grid-Problem7.grid;3485;9579;1695927;1955529;11103;46.4158;4.98;86312
NAMOA_LAZY;4d_Grid-Problem7.grid;7055;1251;1298676;1550070;9907;15.8567;6.56;115124
NAMOA_LAZY;4d_Grid-Problem7.grid;4950;4920;94657;106572;2238;0.2871;0.57;9287
NAMOA_LAZY;4d_Grid-Problem7.grid;4858;956;196632;238589;3886;0.7320;1.41;23738
NAMOA_LAZY;4d_Grid-Problem7.grid;8329;733;9975917;12112956;23218;511.0094;30.93;545850
NAMOA_LAZY;4d_Grid-Problem7.grid;2532;3857;189259;213889;4067;0.7282;0.97;15869
NAMOA_LAZY;4d_Grid-Problem7.grid;8800;2200;1587948;1918249;12069;19.8609;5.68;98242
NAMOA_LAZY;4d_Grid-Problem7.grid;8446;5145;48461;53548;876;0.0795;0.28;4410
NAMOA_LAZY;4d_Grid-Problem7.grid;3125;4105;38571;44793;2117;0.0511;0.30;4505
NAMOA_LAZY;4d_Grid-Problem7.grid;8478;7391;19921;21816;1049;0.0179;0.13;2105
NAMOA_LAZY;4d_Grid-Problem7.grid;7109;304;3690216;4528220;16820;111.6616;16.99;298886
NAMOA_LAZY;4d_Grid-Problem7.grid;365;3352;268897;315274;7723;1.8261;1.50;24896
NAMOA_LAZY;4d_Grid-Problem7.grid;1015;1902;9341;10120;766;0.0059;0.07;758
NAMOA_LAZY;4d_Grid-Problem7.grid;5958;7355;1088;1186;79;0.0003;0.01;168
NAMOA_LAZY;4d_Grid-Problem7.grid;6276;6866;1791;2005;165;0.0007;0.03;354
NAMOA_LAZY;4d_Grid-Problem7.grid;2961;4568;13420;14985;793;0.0089;0.08;1168
NAMOA_LAZY;4d_Grid-Problem7.grid;3211;4301;8650;9321;631;0.0068;0.07;933
NAMOA_LAZY;4d_Grid-Problem7.grid;6386;2797;279314;320165;6908;1.0014;1.40;23179
NAMOA_LAZY;4d_Grid-Problem7.grid;8657;5287;3942430;4547549;54642;299.1916;13.16;218237
NAMOA_LAZY;4d_Grid-Problem7.grid;9306;9149;193411;215735;2767;1.0792;0.73;12235
NAMOA_LAZY;4d_Grid-Problem7.grid;2427;3237;5055;5420;403;0.0033;0.04;567
NAMOA_LAZY;4d_Grid-Problem7.grid;2827;942;65362;74922;2250;0.0872;0.35;5514
NAMOA_LAZY;4d_Grid-Problem7.grid;765;1766;396;428;37;0.0001;0.01;86
NAMOA_LAZY;4d_Grid-Problem7.grid;6964;6569;254;272;45;0.0001;0.01;52
NAMOA_LAZY;4d_Grid-Problem6.grid;1648;7826;23146122;27089401;108415;5269.1946;52.82;910363
NAMOA_LAZY;4d_Grid-Problem7.grid;1538;8453;7441186;8678767;68161;590.7420;20.96;347650
NAMOA_LAZY;4d_Grid-Problem7.grid;7148;2459;514178;583800;8194;6.1101;2.33;39395
NAMOA_LAZY;4d_Grid-Problem7.grid;8509;8826;2714;3110;119;0.0012;0.03;458
NAMOA_LAZY;4d_Grid-Problem7.grid;1618;5706;691229;797927;8347;6.7036;3.08;52648
NAMOA_LAZY;4d_Grid-Problem7.grid;7193;9340;9718281;11293776;82350;1236.7276;24.30;413976
NAMOA_LAZY;4d_Grid-Problem7.grid;6769;8121;3631142;4280405;28898;129.9758;12.88;220063
NAMOA_LAZY;4d_Grid-Problem7.grid;8475;5490;771565;875883;13789;8.2532;2.98;49185
NAMOA_LAZY;4d_Grid-Problem7.grid;6876;6769;267;278;31;0.0001;0.01;38
NAMOA_LAZY;4d_Grid-Problem7.grid;4701;1202;40571;44982;734;0.0628;0.19;3092
NAMOA_LAZY;4d_Grid-Problem7.grid;2934;6564;7972889;8976107;70784;1094.0065;19.34;326242
NAMOA_LAZY;4d_Grid-Problem7.grid;2681;4833;5756482;6764617;52423;472.9524;18.60;318204
NAMOA_LAZY;4d_Grid-Problem7.grid;2282;5261;1095520;1230682;23862;19.3192;3.21;52344
NAMOA_LAZY;4d_Grid-Problem7.grid;5171;3705;11113951;13261022;56685;1235.4890;34.25;600636
NAMOA_LAZY;4d_Grid-Problem7.grid;9081;6881;9319;10657;360;0.0053;0.09;1449
NAMOA_LAZY;4d_Grid-Problem7.grid;3208;5742;2430563;2765323;35948;104.9971;7.93;133119
NAMOA_LAZY;4d_Grid-Problem7.grid;1842;3068;107293;115353;4254;0.4057;0.43;5820
NAMOA_LAZY;4d_Grid-Problem7.grid;9608;4706;732656;859550;10072;5.4794;2.96;49885
NAMOA_LAZY;4d_Grid-Problem7.grid;1322;8535;10313313;12175747;59985;925.0742;28.83;490282
NAMOA_LAZY;4d_Grid-Problem7.grid;7643;4090;20744965;24154609;129605;3881.4186;42.76;744539
NAMOA_LAZY;4d_Grid-Problem7.grid;2113;1481;4235783;4790263;18586;297.8075;10.45;178479
NAMOA_LAZY;4d_Grid-Problem7.grid;7107;6868;2053737;2420970;12865;37.2388;8.94;157047
NAMOA_LAZY;4d_Grid-Problem7.grid;6823;4239;90895;100138;2430;0.2473;0.39;6539
NAMOA_LAZY;4d_Grid-Problem7.grid;7509;9278;14095885;16866570;90988;2045.4402;39.79;691526
NAMOA_LAZY;4d_Grid-Problem7.grid;6770;8304;16813468;19767494;63867;2684.6817;44.71;781064
NAMOA_LAZY;4d_Grid-Problem7.grid;7123;2243;2595159;2991011;27933;95.8158;8.13;138954
NAMOA_LAZY;4d_Grid-Problem7.grid;9445;5953;192520;217862;4346;0.6319;0.81;13605
NAMOA_LAZY;4d_Grid-Problem7.grid;2025;3412;29828;32962;1083;0.0338;0.18;2529
NAMOA_LAZY;4d_Grid-Problem7.grid;8922;5460;16966141;19468160;162088;4108.1891;39.31;664018
NAMOA_LAZY;4d_Grid-Problem7.grid;5376;5172;33;35;6;0.0000;0.01;14
NAMOA_LAZY;4d_Grid-Problem7.grid;5095;8156;11250638;12849403;129959;1821.0420;25.17;406208
NAMOA_LAZY;4d_Grid-Problem7.grid;3790;1064;1465015;1686464;23315;26.3271;5.72;94537
NAMOA_LAZY;4d_Grid-Problem7.grid;4692;5866;153547;170576;4613;0.4298;0.68;10077
NAMOA_LAZY;4d_Grid-Problem7.grid;6261;999;23869806;27656106;104834;5644.4929;50.13;858595
NAMOA_LAZY;4d_Grid-Problem7.grid;3233;461;2317928;2655318;44060;99.6877;8.66;143813
NAMOA_LAZY;4d_Grid-Problem7.grid;9407;3226;11078956;13080416;79338;1456.3829;32.54;565204
NAMOA_LAZY;4d_Grid-Problem7.grid;640;2508;610349;716166;11925;4.7307;2.40;40262
NAMOA_LAZY;4d_Grid-Problem7.grid;5456;666;769583;936212;13725;8.2922;4.82;81135
NAMOA_LAZY;4d_Grid-Problem7.grid;5536;7751;104403;117548;3768;0.3354;0.56;8902
NAMOA_LAZY;4d_Grid-Problem7.grid;784;2842;2823667;3227755;36621;153.4310;8.52;143130
NAMOA_LAZY;4d_Grid-Problem7.grid;3945;6299;6703510;7797248;58998;451.2833;16.96;279133
NAMOA_LAZY;4d_Grid-Problem7.grid;7649;8724;139642;156885;4567;0.6175;0.67;10632
NAMOA_LAZY;4d_Grid-Problem7.grid;3469;8144;8628110;9976344;80110;653.1679;18.22;309524
NAMOA_LAZY;4d_Grid-Problem7.grid;7592;9790;12165;14254;439;0.0081;0.13;2044
NAMOA_LAZY;4d_Grid-Problem7.grid;3154;1069;123374;144190;3671;0.3144;0.75;12441
NAMOA_LAZY;4d_Grid-Problem7.grid;2288;250;2606721;2995235;31142;99.5733;8.06;137223
NAMOA_LAZY;4d_Grid-Problem7.grid;5195;3938;5049818;6045080;42235;265.5147;16.32;281888
NAMOA_LAZY;4d_Grid-Problem7.grid;552;559;56;57;8;0.0000;0.01;18
NAMOA_LAZY;4d_Grid-Problem7.grid;7750;5697;4683722;5378621;54377;269.4697;11.59;197491
NAMOA_LAZY;4d_Grid-Problem7.grid;1550;355;1749;2007;153;0.0008;0.03;368
NAMOA_LAZY;4d_Grid-Problem7.grid;1954;4125;1486838;1659722;16151;48.1309;4.21;71759
NAMOA_LAZY;4d_Grid-Problem7.grid;6234;8843;72566;80128;2722;0.1871;0.32;5255
NAMOA_LAZY;4d_Grid-Problem7.grid;4775;6457;119123;133043;4734;0.3233;0.49;7391
NAMOA_LAZY;4d_Grid-Problem8.grid;6029;9840;241117;269142;3410;0.9437;1.04;17405
NAMOA_LAZY;4d_Grid-Problem8.grid;3965;5277;16629;18542;616;0.0102;0.10;1533
NAMOA_LAZY;4d_Grid-Problem8.grid;9199;8395;343;414;40;0.0001;0.01;129
NAMOA_LAZY;4d_Grid-Problem8.grid;4951;6284;851874;981550;12127;12.4537;3.77;63100
NAMOA_LAZY;4d_Grid-Problem8.grid;721;6624;2066604;2402898;8460;57.7955;6.99;123239
NAMOA_LAZY;4d_Grid-Problem7.grid;2851;8824;17393200;20357493;109864;3129.9236;43.66;749913
NAMOA_LAZY;4d_Grid-Problem8.grid;1478;2397;34530;38500;1501;0.0509;0.25;3860
NAMOA_LAZY;4d_Grid-Problem8.grid;8683;1079;3467560;3954363;18102;250.0774;9.74;169764
NAMOA_LAZY;4d_Grid-Problem8.grid;7349;6045;2075;2269;204;0.0008;0.02;330
NAMOA_LAZY;4d_Grid-Problem8.grid;6622;7556;198906;222200;4501;0.9334;0.85;13935
NAMOA_LAZY;4d_Grid-Problem8.grid;1014;5803;1430094;1626039;18008;40.0063;4.57;76171
NAMOA_LAZY;4d_Grid-Problem8.grid;5794;7977;186901;207941;4012;0.5684;0.72;11337
NAMOA_LAZY;4d_Grid-Problem8.grid;6317;5793;12120272;14428009;41130;926.9733;30.76;539745
NAMOA_LAZY;4d_Grid-Problem8.grid;4825;8747;2062498;2382342;21464;39.7674;6.69;113581
NAMOA_LAZY;4d_Grid-Problem8.grid;75;5561;2464307;2864447;21702;86.4514;8.39;143560
NAMOA_LAZY;4d_Grid-Problem8.grid;1383;4057;1442043;1613506;27134;33.2001;4.22;67690
NAMOA_LAZY;4d_Grid-Problem7.grid;4706;5093;25762865;30470125;56564;5146.7084;68.67;1212573
NAMOA_LAZY;4d_Grid-Problem8.grid;2026;6844;3558377;4014708;37733;321.2057;10.66;177047
NAMOA_LAZY;4d_Grid-Problem7.grid;529;9137;22067898;27616185;53574;2095.9041;73.42;1297960
NAMOA_LAZY;4d_Grid-Problem8.grid;3840;7061;2015641;2280288;32909;54.8264;5.53;93326
NAMOA_LAZY;4d_Grid-Problem8.grid;5581;3290;29041;32536;769;0.0281;0.16;2634
NAMOA_LAZY;4d_Grid-Problem8.grid;5939;8807;3501298;4117853;45188;141.3951;12.49;214548
NAMOA_LAZY;4d_Grid-Problem8.grid;2581;8194;1581516;1916722;20623;17.5364;7.27;124236
NAMOA_LAZY;4d_Grid-Problem8.grid;7519;6867;942137;1194199;8842;6.0421;6.71;118013
NAMOA_LAZY;4d_Grid-Problem8.grid;1655;8674;15383289;18532224;82881;1942.0371;40.61;699549
NAMOA_LAZY;4d_Grid-Problem7.grid;1653;8128;17043851;20009996;83313;3100.7970;43.78;763352
NAMOA_LAZY;4d_Grid-Problem8.grid;4048;7177;3067183;3482246;38906;126.5731;7.68;130259
NAMOA_LAZY;4d_Grid-Problem7.grid;8189;5517;26724962;31779392;123108;6133.5462;62.45;1080466
NAMOA_LAZY;4d_Grid-Problem8.grid;6311;339;21400897;25451322;135775;3722.1778;52.14;896305
NAMOA_LAZY;4d_Grid-Problem8.grid;654;2242;62263;69137;2790;0.1713;0.36;5578
NAMOA_LAZY;4d_Grid-Problem8.grid;6040;1011;12937212;14914310;98175;2416.1808;32.72;563703
NAMOA_LAZY;4d_Grid-Problem8.grid;9339;6846;51041;58401;1358;0.0780;0.34;5435
NAMOA_LAZY;4d_Grid-Problem8.grid;285;9588;12034276;14885881;39023;487.9297;38.26;673188
NAMOA_LAZY;4d_Grid-Problem8.grid;8514;8369;1237186;1430693;12343;19.5769;4.63;79614
NAMOA_LAZY;4d_Grid-Problem8.grid;6774;9965;134637;157600;3107;0.3152;0.86;14018
NAMOA_LAZY;4d_Grid-Problem8.grid;7152;5276;384959;435840;10054;3.3585;1.27;19150
NAMOA_LAZY;4d_Grid-Problem8.grid;9209;3624;5140878;5970207;31677;263.2354;15.66;274560
NAMOA_LAZY;4d_Grid-Problem8.grid;9483;3690;1013518;1192316;7733;14.2741;3.44;58477
NAMOA_LAZY;4d_Grid-Problem8.grid;3240;4953;48096;54281;2698;0.1073;0.36;5509
NAMOA_LAZY;4d_Grid-Problem8.grid;6507;7879;11959687;13755860;54437;1701.8591;30.09;519116
NAMOA_LAZY;4d_Grid-Problem8.grid;7332;4808;1441833;1632950;27640;43.8349;4.72;77628
NAMOA_LAZY;4d_Grid-Problem8.grid;1338;5559;3074142;3589853;44613;103.4025;11.54;193381
NAMOA_LAZY;4d_Grid-Problem8.grid;5572;3916;4726290;5509358;29418;199.4937;14.47;252592
NAMOA_LAZY;4d_Grid-Problem8.grid;7782;3257;10242306;11906673;98847;1443.1608;31.48;527338
NAMOA_LAZY;4d_Grid-Problem8.grid;6438;7168;136431;157175;3222;0.2679;0.73;11826
NAMOA_LAZY;4d_Grid-Problem8.grid;5904;4461;3959469;4674026;32758;166.2906;13.14;230204
NAMOA_LAZY;4d_Grid-Problem8.grid;2562;4738;776182;910336;15313;7.2640;3.65;58520
NAMOA_LAZY;4d_Grid-Problem8.grid;5796;5836;2962848;3548203;10936;84.3130;10.66;188185
NAMOA_LAZY;4d_Grid-Problem8.grid;5195;8473;1414086;1611249;15793;24.9312;4.97;83120
NAMOA_LAZY;4d_Grid-Problem8.grid;8062;6410;4372964;5171638;33708;154.1125;13.70;238109
NAMOA_LAZY;4d_Grid-Problem8.grid;5162;1182;1900442;2148665;34561;50.9467;6.12;97063
NAMOA_LAZY;4d_Grid-Problem8.grid;9943;5974;6609442;7616844;57351;557.3659;15.80;262372
NAMOA_LAZY;4d_Grid-Problem8.grid;8585;2592;1912278;2184459;14942;57.7939;5.76;96591
NAMOA_LAZY;4d_Grid-Problem8.grid;4188;2656;586524;677137;10943;5.9058;2.36;38228
NAMOA_LAZY;4d_Grid-Problem8.grid;5827;9944;1081766;1209291;13119;12.9784;3.61;59795
NAMOA_LAZY;4d_Grid-Problem8.grid;7121;2415;981621;1119582;8324;15.7083;3.26;56687
NAMOA_LAZY;4d_Grid-Problem8.grid;9156;3641;3715076;4436797;34471;92.0345;14.74;252961
NAMOA_LAZY;4d_Grid-Problem8.grid;1075;9169;19724874;23641354;78532;2852.6753;48.44;837418
NAMOA_LAZY;4d_Grid-Problem8.grid;4933;3013;219483;237092;5803;1.2355;0.78;12465
NAMOA_LAZY;4d_Grid-Problem8.grid;3421;2232;17304;20333;1317;0.0145;0.17;2532
NAMOA_LAZY;4d_Grid-Problem8.grid;702;2103;1044;1191;73;0.0003;0.02;252
NAMOA_LAZY;4d_Grid-Problem8.grid;7241;9872;1563362;1790626;22622;30.8705;5.04;82957
NAMOA_LAZY;4d_Grid-Problem8.grid;6116;1747;11226347;12849142;96953;1575.9033;25.95;438784
NAMOA_LAZY;4d_Grid-Problem8.grid;935;2896;5175543;5960601;44612;375.9517;14.48;248824
NAMOA_LAZY;4d_Grid-Problem8.grid;2167;2634;47257;53315;593;0.0673;0.28;4719
NAMOA_LAZY;4d_Grid-Problem8.grid;7727;5729;9092;10164;421;0.0063;0.09;1191
NAMOA_LAZY;4d_Grid-Problem8.grid;2433;8311;15888679;19002734;92265;2541.1107;45.52;791848
NAMOA_LAZY;4d_Grid-Problem8.grid;4200;6187;42294639;52203292;142760;6960.0752;122.06;2151978
NAMOA_LAZY;4d_Grid-Problem8.grid;4927;5875;582277;707096;8265;2.3852;3.76;66015
NAMOA_LAZY;4d_Grid-Problem8.grid;9793;8897;791;857;106;0.0003;0.01;94
NAMOA_LAZY;4d_Grid-Problem8.grid;9921;7261;4408958;4999008;51915;198.1020;10.88;176522
NAMOA_LAZY;4d_Grid-Problem8.grid;2878;6852;3769739;4397730;51359;187.9025;10.80;179873
NAMOA_LAZY;4d_Grid-Problem8.grid;7563;5820;2442355;2764674;33822;79.9375;6.23;101761
NAMOA_LAZY;4d_Grid-Problem8.grid;6571;2343;7336868;8646006;81246;637.4354;26.06;445530
NAMOA_LAZY;4d_Grid-Problem8.grid;3778;1056;1384968;1642493;26535;22.7997;5.60;92364
NAMOA_LAZY;4d_Grid-Problem8.grid;3296;9975;13460517;15681524;87806;1593.2927;30.82;529797
NAMOA_LAZY;4d_Grid-Problem8.grid;2778;3762;36991;40584;1816;0.0640;0.21;3140
NAMOA_LAZY;4d_Grid-Problem8.grid;7144;2983;13639447;16128320;116723;1729.8066;34.92;594103
NAMOA_LAZY;4d_Grid-Problem8.grid;9702;9346;343839;402136;3888;1.0800;1.85;31619
NAMOA_LAZY;4d_Grid-Problem8.grid;7527;3752;4188063;4875220;60378;281.5252;12.98;218791
NAMOA_LAZY;4d_Grid-Problem9.grid;3228;1334;15396;17102;827;0.0166;0.11;1635
NAMOA_LAZY;4d_Grid-Problem9.grid;4457;4245;755;780;78;0.0003;0.01;76
NAMOA_LAZY;4d_Grid-Problem9.grid;7366;9516;6013730;7124808;58948;341.6876;18.08;316204
NAMOA_LAZY;4d_Grid-Problem9.grid;1143;895;566872;657872;3904;4.8963;2.34;40533
NAMOA_LAZY;4d_Grid-Problem9.grid;9411;3501;2162992;2590919;19475;48.3228;9.60;166184
NAMOA_LAZY;4d_Grid-Problem9.grid;8534;6028;42277;48722;1174;0.0547;0.32;5276
NAMOA_LAZY;4d_Grid-Problem9.grid;555;4338;1291967;1514975;19407;15.4119;5.35;90020
NAMOA_LAZY;4d_Grid-Problem9.grid;9111;9904;2580;2751;304;0.0013;0.02;292
NAMOA_LAZY;4d_Grid-Problem9.grid;8822;7161;2065633;2331893;36806;80.5592;5.71;95657
NAMOA_LAZY;4d_Grid-Problem9.grid;4684;6331;3416904;3981585;30988;116.8830;10.12;173623
NAMOA_LAZY;4d_Grid-Problem8.grid;3371;6022;11912800;13851107;99250;1377.6445;28.25;473535
NAMOA_LAZY;4d_Grid-Problem9.grid;8067;9162;1047;1132;86;0.0003;0.02;177
NAMOA_LAZY;4d_Grid-Problem9.grid;6818;7763;404488;454843;6661;3.2615;1.48;24149
NAMOA_LAZY;4d_Grid-Problem9.grid;1618;700;28188;31223;1741;0.0397;0.18;2576
NAMOA_LAZY;4d_Grid-Problem9.grid;540;6119;7594000;8705233;68979;979.5804;19.79;335282
NAMOA_LAZY;4d_Grid-Problem9.grid;4615;1612;45804;52824;1084;0.0567;0.35;5785
NAMOA_LAZY;4d_Grid-Problem9.grid;3003;4635;782013;865788;14652;23.8235;2.16;33594
NAMOA_LAZY;4d_Grid-Problem9.grid;5669;6542;49943;54408;1915;0.1101;0.25;3780
NAMOA_LAZY;4d_Grid-Problem9.grid;8725;9079;1214808;1463520;7823;8.6697;5.30;92755
NAMOA_LAZY;4d_Grid-Problem9.grid;500;988;11216454;13314697;40104;1224.9028;31.86;563866
NAMOA_LAZY;4d_Grid-Problem9.grid;447;6430;8641158;10319506;58925;646.5347;23.27;401628
NAMOA_LAZY;4d_Grid-Problem9.grid;982;5289;618148;715075;8289;6.6817;2.84;48232
NAMOA_LAZY;4d_Grid-Problem9.grid;8682;4763;1977441;2279375;30389;51.2830;6.45;107439
NAMOA_LAZY;4d_Grid-Problem9.grid;2419;2529;483;582;35;0.0002;0.01;177
NAMOA_LAZY;4d_Grid-Problem9.grid;1750;617;162924;187393;4182;0.4347;0.95;15600
NAMOA_LAZY;4d_Grid-Problem9.grid;8104;8807;182;190;29;0.0000;0.01;31
NAMOA_LAZY;4d_Grid-Problem9.grid;4017;2861;1078373;1279947;13871;19.1700;5.85;99278
NAMOA_LAZY;4d_Grid-Problem9.grid;1016;147;124973;142747;3871;0.3721;0.63;10127
NAMOA_LAZY;4d_Grid-Problem9.grid;4577;1196;1264847;1450194;22424;22.0092;4.91;82908
NAMOA_LAZY;4d_Grid-Problem9.grid;8775;1968;5184056;6206604;39372;250.6686;19.45;338547
NAMOA_LAZY;4d_Grid-Problem9.grid;944;5131;1911360;2202622;25609;50.9995;5.90;99337
NAMOA_LAZY;4d_Grid-Problem9.grid;5183;4417;2972205;3562639;12454;49.2242;10.06;177293
NAMOA_LAZY;4d_Grid-Problem9.grid;2642;6141;80891;91748;1513;0.1537;0.41;6966
NAMOA_LAZY;4d_Grid-Problem9.grid;4941;7986;12679541;14543557;109931;1896.6208;31.32;530807
NAMOA_LAZY;4d_Grid-Problem9.grid;4543;1070;2939993;3320332;31549;150.7427;6.06;103304
NAMOA_LAZY;4d_Grid-Problem9.grid;4895;3578;37891;40872;2299;0.1104;0.21;2737
NAMOA_LAZY;4d_Grid-Problem9.grid;8783;8647;97591;109170;1713;0.1641;0.47;7645
NAMOA_LAZY;4d_Grid-Problem9.grid;2801;5802;6312;7010;177;0.0022;0.06;817
NAMOA_LAZY;4d_Grid-Problem9.grid;6987;3592;148717;165147;3403;0.4393;0.56;9377
NAMOA_LAZY;4d_Grid-Problem9.grid;3804;634;4592749;5334016;57461;374.6922;14.46;241770
NAMOA_LAZY;4d_Grid-Problem9.grid;2607;1008;3171;3402;139;0.0017;0.02;277
NAMOA_LAZY;4d_Grid-Problem9.grid;9831;3144;3911560;4519026;31208;183.8170;10.17;174604
NAMOA_LAZY;4d_Grid-Problem9.grid;6250;4065;232490;264729;5842;1.1580;0.99;15065
NAMOA_LAZY;4d_Grid-Problem9.grid;347;7863;16910853;20038405;75950;2280.1994;42.30;729557
NAMOA_LAZY;4d_Grid-Problem9.grid;9549;1935;14000850;17310134;48606;986.2354;44.12;778311
NAMOA_LAZY;4d_Grid-Problem9.grid;2612;941;625210;714822;13219;6.8612;2.13;35178
NAMOA_LAZY;4d_Grid-Problem9.grid;5925;7915;35229;40411;1890;0.0604;0.31;5050
NAMOA_LAZY;4d_Grid-Problem9.grid;4036;3102;74854;84523;1822;0.1597;0.40;6841
NAMOA_LAZY;4d_Grid-Problem9.grid;626;7529;4603009;5376296;33604;206.3873;11.12;189637
NAMOA_LAZY;4d_Grid-Problem9.grid;5123;7045;305302;338845;8912;2.4087;1.13;17275
NAMOA_LAZY;4d_Grid-Problem9.grid;2815;1935;27292;31110;1326;0.0316;0.18;2764
NAMOA_LAZY;4d_Grid-Problem9.grid;2122;9532;7392728;8611333;39244;485.0026;23.74;411457
NAMOA_LAZY;4d_Grid-Problem9.grid;1171;2358;20035;22654;1301;0.0224;0.17;2488
NAMOA_LAZY;4d_Grid-Problem9.grid;5590;5450;258509;290160;3362;1.0566;1.03;17619
NAMOA_LAZY;4d_Grid-Problem9.grid;8835;3832;560707;659202;6884;4.4353;2.31;38465
NAMOA_LAZY;4d_Grid-Problem9.grid;6387;7440;870697;1002326;13534;10.8924;3.42;56561
NAMOA_LAZY;4d_Grid-Problem9.grid;232;2863;5018846;5810107;67602;322.5472;15.57;262913
NAMOA_LAZY;4d_Grid-Problem9.grid;4725;6016;6798;7535;494;0.0043;0.06;834
NAMOA_LAZY;4d_Grid-Problem9.grid;6868;1463;1202986;1460128;11532;8.6091;6.68;115584
NAMOA_LAZY;4d_Grid-Problem9.grid;2875;1199;475635;536457;12647;4.3099;1.93;31219
NAMOA_LAZY;4d_Grid-Problem9.grid;2146;4108;1584613;1851903;21948;27.3366;6.06;101299
NAMOA_LAZY;4d_Grid-Problem9.grid;3652;6305;9051722;10679350;93039;807.8469;22.34;372608
NAMOA_LAZY;4d_Grid-Problem9.grid;3172;9779;4145736;4955834;22778;105.1861;14.46;253283
NAMOA_LAZY;4d_Grid-Problem9.grid;6776;8631;2262290;2683832;23052;57.5949;7.16;120813
NAMOA_LAZY;4d_Grid-Problem9.grid;3860;950;188714;218005;6977;0.8469;0.95;15285
NAMOA_LAZY;4d_Grid-Problem9.grid;3938;6633;25648;29317;986;0.0285;0.18;2942
NAMOA_LAZY;4d_Grid-Problem9.grid;8377;5236;11785582;13857891;93824;1203.8649;29.71;505176
NAMOA_LAZY;4d_Grid-Problem9.grid;7657;1133;19109743;22534974;124206;2612.6261;42.80;736754
NAMOA_LAZY;4d_Grid-Problem9.grid;7148;6204;726386;829807;12251;9.6539;2.84;47427
NAMOA_LAZY;4d_Grid-Problem9.grid;5915;9638;3369563;3870309;45007;178.4012;11.19;188547
NAMOA_LAZY;4d_Grid-Problem9.grid;8954;8076;28018;30976;1045;0.0246;0.16;2482
NAMOA_LAZY;4d_Grid-Problem9.grid;826;1213;1707;1825;152;0.0006;0.02;143
NAMOA_LAZY;4d_Grid-Problem9.grid;6459;7381;47234;53125;1348;0.0730;0.29;4689
NAMOA_LAZY;4d_Grid-Problem9.grid;3077;3498;8080;9119;340;0.0044;0.08;1275
NAMOA_LAZY;4d_Grid-Problem9.grid;2384;1214;7574566;9015476;31883;456.8916;24.56;432020
NAMOA_LAZY;4d_Grid-Problem9.grid;6516;1405;1200948;1399817;11684;21.5421;4.48;76637
NAMOA_LAZY;4d_Grid-Problem9.grid;4578;2146;3258549;3800072;41777;138.8671;11.33;190578
NAMOA_LAZY;4d_Grid-Problem9.grid;7491;7514;4433641;5354969;21979;146.0382;16.37;288455
NAMOA_LAZY;4d_Grid-Problem10.grid;2958;3510;521803;592559;3804;2.8298;1.97;33969
NAMOA_LAZY;4d_Grid-Problem10.grid;7209;6357;589849;704586;5637;3.3023;3.11;54358
NAMOA_LAZY;4d_Grid-Problem9.grid;37;5155;4594171;5395687;30378;254.8207;14.80;257136
NAMOA_LAZY;4d_Grid-Problem10.grid;4983;3953;290939;349671;7510;1.1119;1.62;26644
NAMOA_LAZY;4d_Grid-Problem9.grid;2399;140;12749158;15342367;86482;1671.9042;37.67;645504
NAMOA_LAZY;4d_Grid-Problem10.grid;6640;5566;149597;176133;3487;0.3974;0.87;14335
NAMOA_LAZY;4d_Grid-Problem9.grid;8314;718;4896640;5880771;20620;208.1028;17.66;310580
NAMOA_LAZY;4d_Grid-Problem10.grid;4477;4422;2593629;3054444;14881;63.2027;8.66;150871
NAMOA_LAZY;4d_Grid-Problem10.grid;3346;5058;38283;42832;1692;0.0524;0.20;2997
NAMOA_LAZY;4d_Grid-Problem10.grid;4143;2855;16958;18671;918;0.0208;0.11;1697
NAMOA_LAZY;4d_Grid-Problem9.grid;7894;2168;13958674;16620016;102276;1983.1641;35.38;595557
NAMOA_LAZY;4d_Grid-Problem10.grid;9962;8342;147505;167011;4127;0.5217;0.66;10681
NAMOA_LAZY;4d_Grid-Problem10.grid;3941;7511;3735565;4223168;25872;309.2602;10.58;180564
NAMOA_LAZY;4d_Grid-Problem10.grid;8525;5225;65690;74284;1083;0.1040;0.35;5779
NAMOA_LAZY;4d_Grid-Problem10.grid;7125;6770;512113;622395;5219;2.3021;3.34;57669
NAMOA_LAZY;4d_Grid-Problem10.grid;2109;5126;541559;602732;9403;6.0407;2.08;34231
NAMOA_LAZY;4d_Grid-Problem10.grid;2062;534;336553;398881;8493;1.3557;1.47;24941
NAMOA_LAZY;4d_Grid-Problem10.grid;2392;3665;308803;353838;4953;1.4450;1.15;19035
NAMOA_LAZY;4d_Grid-Problem10.grid;6004;2427;2907079;3284094;49377;130.9660;9.74;158586
NAMOA_LAZY;4d_Grid-Problem10.grid;5759;3395;3820922;4322254;50020;316.9173;10.88;181090
NAMOA_LAZY;4d_Grid-Problem10.grid;5175;2880;46912;51211;1563;0.1028;0.26;3862
NAMOA_LAZY;4d_Grid-Problem10.grid;5936;9564;3490495;4033309;39749;144.9442;9.23;152976
NAMOA_LAZY;4d_Grid-Problem10.grid;423;8527;10020435;11728742;32525;836.4443;28.21;496811
NAMOA_LAZY;4d_Grid-Problem10.grid;9645;4158;5607685;6490877;44281;253.3741;14.09;235141
NAMOA_LAZY;4d_Grid-Problem10.grid;4566;1652;276817;305010;6776;2.4572;1.03;14876
NAMOA_LAZY;4d_Grid-Problem10.grid;1482;6590;1101344;1309184;9283;13.2671;4.40;76500
NAMOA_LAZY;4d_Grid-Problem10.grid;6565;9979;429189;501455;10233;2.1870;1.98;32871
NAMOA_LAZY;4d_Grid-Problem10.grid;1565;3301;15208966;18813982;89452;1110.4385;46.16;788093
NAMOA_LAZY;4d_Grid-Problem10.grid;3915;5870;4869923;5456264;48404;577.1771;12.72;215069
NAMOA_LAZY;4d_Grid-Problem10.grid;2680;6035;12392571;14309406;106046;2276.5875;30.51;519344
NAMOA_LAZY;4d_Grid-Problem10.grid;2566;3438;95455;111661;2888;0.2336;0.55;8758
NAMOA_LAZY;4d_Grid-Problem10.grid;7743;7502;180183;212924;2717;0.3225;0.99;16824
NAMOA_LAZY;4d_Grid-Problem10.grid;4276;5298;70283;82267;2893;0.0930;0.41;6237
NAMOA_LAZY;4d_Grid-Problem10.grid;5836;9977;22819776;27520322;150815;5275.7326;56.83;983905
NAMOA_LAZY;4d_Grid-Problem10.grid;4746;7268;548573;623832;11124;7.0345;2.49;41325
NAMOA_LAZY;4d_Grid-Problem10.grid;3974;8680;671411;774973;7489;4.5595;2.87;49315
NAMOA_LAZY;4d_Grid-Problem10.grid;1598;1880;2400;2653;150;0.0010;0.03;444
NAMOA_LAZY;4d_Grid-Problem10.grid;9054;1549;3650950;4187822;23062;120.0430;10.96;186440
NAMOA_LAZY;4d_Grid-Problem10.grid;6076;4820;2268300;2603081;17136;82.5134;8.61;149195
NAMOA_LAZY;4d_Grid-Problem10.grid;7703;8278;11473122;13667283;35282;979.2670;31.10;546520
NAMOA_LAZY;4d_Grid-Problem10.grid;3637;9525;3537889;4231969;23116;135.8068;15.42;269841
NAMOA_LAZY;4d_Grid-Problem10.grid;8425;5581;19385715;22565778;139416;3982.5821;43.46;729923
NAMOA_LAZY;4d_Grid-Problem10.grid;8288;6342;6037453;6929567;51402;540.8312;17.60;296861
NAMOA_LAZY;4d_Grid-Problem10.grid;7842;8028;640;715;64;0.0002;0.01;151
NAMOA_LAZY;4d_Grid-Problem10.grid;5737;4104;595278;682301;14457;5.8203;2.80;46696
NAMOA_LAZY;4d_Grid-Problem10.grid;7665;7986;8673;9573;465;0.0048;0.06;764
NAMOA_LAZY;4d_Grid-Problem10.grid;8549;4931;1407640;1631208;23135;27.1802;4.67;77171
NAMOA_LAZY;4d_Grid-Problem10.grid;8083;4560;2277414;2563128;35111;177.1918;7.49;123722
NAMOA_LAZY;4d_Grid-Problem10.grid;9788;2189;6449751;7808480;22352;297.7839;20.87;366768
NAMOA_LAZY;4d_Grid-Problem10.grid;5313;9405;156152;177292;2047;0.5861;0.78;13455
NAMOA_LAZY;4d_Grid-Problem10.grid;8282;6728;4295383;5050531;32468;197.0307;14.26;245667
NAMOA_LAZY;4d_Grid-Problem10.grid;5803;7959;11336574;13141317;100396;1420.5667;28.58;485038
NAMOA_LAZY;4d_Grid-Problem10.grid;7760;9533;513069;579251;12357;5.6560;2.03;32469
NAMOA_LAZY;4d_Grid-Problem10.grid;5792;9875;1272463;1427305;16544;30.2610;3.65;61432
NAMOA_LAZY;4d_Grid-Problem10.grid;9086;671;22922134;27769783;76686;3497.3609;66.00;1158818
NAMOA_LAZY;4d_Grid-Problem10.grid;229;887;1239040;1428248;13575;23.8192;4.32;74088
NAMOA_LAZY;4d_Grid-Problem10.grid;1645;4712;3135932;3595338;50511;185.0107;10.10;167766
NAMOA_LAZY;4d_Grid-Problem10.grid;4537;315;4699571;5446212;61600;393.1947;15.03;252184
NAMOA_LAZY;4d_Grid-Problem10.grid;4198;4310;23289494;27338031;55268;4090.4497;40.97;717103
NAMOA_LAZY;4d_Grid-Problem10.grid;8668;9166;86;93;15;0.0000;0.01;22
NAMOA_LAZY;4d_Grid-Problem10.grid;6560;5715;1234721;1440806;15156;30.0504;5.10;86331
NAMOA_LAZY;4d_Grid-Problem10.grid;2177;6786;1006641;1164519;12825;9.0930;3.77;62493
NAMOA_LAZY;4d_Grid-Problem10.grid;2441;9333;3456871;4046243;17569;95.7500;9.71;170162
NAMOA_LAZY;4d_Grid-Problem10.grid;2656;1637;42326;47694;1965;0.0428;0.25;3792
NAMOA_LAZY;4d_Grid-Problem10.grid;5325;118;2058099;2455585;18774;38.2535;9.14;156476
NAMOA_LAZY;4d_Grid-Problem10.grid;4350;267;1449456;1714155;21789;27.6583;6.06;98997
NAMOA_LAZY;4d_Grid-Problem10.grid;1904;1712;329;377;30;0.0001;0.01;97
NAMOA_LAZY;4d_Grid-Problem10.grid;4169;9678;1868647;2174712;21266;47.8492;7.41;127509
NAMOA_LAZY;4d_Grid-Problem10.grid;728;4037;170787;194747;2865;0.5169;0.87;14478
NAMOA_LAZY;4d_Grid-Problem10.grid;2378;4342;1509183;1718088;22784;48.1565;5.24;87569
NAMOA_LAZY;4d_Grid-Problem10.grid;9690;7873;166381;185588;4428;0.4723;0.83;13062
NAMOA_LAZY;4d_Grid-Problem10.grid;6840;9014;783558;907546;16556;9.1721;3.36;56487
NAMOA_LAZY;4d_Grid-Problem10.grid;7354;8904;1707696;1953223;24714;45.7506;6.03;101763
NAMOA_LAZY;4d_Grid-Problem10.grid;8471;9620;1354208;1628331;12798;14.6273;6.33;109564
NAMOA_LAZY;4d_Grid-Problem10.grid;3813;8213;574165;656029;7779;3.7872;2.15;35808
NAMOA_LAZY;4d_Grid-Problem10.grid;1432;427;1201;1331;91;0.0004;0.02;225
NAMOA_LAZY;4d_Grid-Problem10.grid;8463;552;20594421;24236664;81139;4256.6412;55.04;955377
NAMOA_LAZY;4d_Grid-Problem10.grid;8044;858;14159445;17026491;57371;1499.3743;39.19;690500
NAMOA_LAZY;4d_Grid-Problem10.grid;764;3014;8746262;10253617;69934;724.2268;23.50;398869
NAMOA_LAZY;4d_Grid-Problem10.grid;6039;1173;18869812;22379579;124763;3931.2682;49.29;839090
NAMOA_LAZY;4d_Grid-Problem10.grid;3034;9957;27535662;31972603;128432;5566.3664;66.29;1152084
NAMOA_LAZY;4d_Grid-Problem10.grid;7216;443;29282416;35222267;138853;6386.4769;79.34;1380434
NAMOA_LAZY;4d_Grid-Problem1.grid;5317;5903;3852;4344;244;0.0020;0.04;638
NAMOA_LAZY;4d_Grid-Problem1.grid;877;768;155;171;19;0.0000;0.01;51
NAMOA_LAZY;4d_Grid-Problem1.grid;9037;8218;13367;15791;567;0.0083;0.13;2043
NAMOA_LAZY;4d_Grid-Problem1.grid;6830;9316;303288;353068;8775;2.0754;1.55;25017
NAMOA_LAZY;4d_Grid-Problem1.grid;2475;2266;225;252;17;0.0001;0.01;58
NAMOA_LAZY;4d_Grid-Problem1.grid;8457;5853;18678;21788;478;0.0119;0.17;2668
NAMOA_LAZY;4d_Grid-Problem1.grid;5629;6810;74433;83467;2803;0.1697;0.43;6777
NAMOA_LAZY;4d_Grid-Problem1.grid;8116;6807;7710;8542;531;0.0047;0.07;915
NAMOA_LAZY;4d_Grid-Problem1.grid;2461;559;2738;3213;107;0.0010;0.03;500
NAMOA_LAZY;4d_Grid-Problem1.grid;9067;9716;424511;495429;4174;2.8506;2.04;35081
NAMOA_LAZY;4d_Grid-Problem1.grid;8061;9523;694711;789386;11506;8.1387;2.48;41377
NAMOA_LAZY;4d_Grid-Problem1.grid;8716;9168;892717;1072728;6703;7.4341;4.16;72518
NAMOA_LAZY;4d_Grid-Problem1.grid;5624;6457;346578;381761;6944;3.6923;1.25;19737
NAMOA_LAZY;4d_Grid-Problem1.grid;5076;690;1139003;1308286;10599;13.7503;3.60;61706
NAMOA_LAZY;4d_Grid-Problem1.grid;3236;3564;37662;42939;1220;0.0523;0.22;3595
NAMOA_LAZY;4d_Grid-Problem1.grid;2343;1528;6504;7174;395;0.0036;0.06;695
NAMOA_LAZY;4d_Grid-Problem1.grid;4162;4590;39751;44365;1131;0.0452;0.24;3802
NAMOA_LAZY;4d_Grid-Problem1.grid;3701;5536;1226865;1440614;20385;16.0224;5.31;89703
NAMOA_LAZY;4d_Grid-Problem1.grid;6642;2963;1756808;2064273;23204;27.3067;7.20;123372
NAMOA_LAZY;4d_Grid-Problem1.grid;7043;8833;56759;65146;2768;0.0938;0.38;5970
