T-MDA;NY.gr;2994;2514;30;30;1;0.0078;17.53;18
T-MDA;NY.gr;1442;432;126;126;3;0.0079;17.53;39
T-MDA;NY.gr;22659;16132;3636;3636;28;0.0090;17.55;224
T-MDA;NY.gr;35026;15789;573;573;10;0.0081;17.54;114
T-MDA;NY.gr;199718;25125;20850;20850;161;0.0159;17.59;296
T-MDA;NY.gr;15429;13101;8748;8748;57;0.0113;17.58;212
T-MDA;NY.gr;78620;73258;4552;4552;43;0.0093;17.56;152
T-MDA;NY.gr;4530;637;198;198;4;0.0079;17.53;31
T-MDA;NY.gr;25782;25005;2058;2058;29;0.0086;17.55;134
T-MDA;NY.gr;36254;28937;5024;5024;53;0.0096;17.55;186
T-MDA;NY.gr;59414;57571;3701;3701;33;0.0092;17.55;174
T-MDA;NY.gr;119726;59623;1846;1846;39;0.0085;17.56;90
T-MDA;NY.gr;36924;22047;5284;5284;30;0.0094;17.54;197
T-MDA;NY.gr;118368;50576;251163;251163;619;0.1874;18.40;2671
T-MDA;NY.gr;14360;9408;3744;3744;69;0.0090;17.56;140
T-MDA;NY.gr;34162;31976;96598;96598;412;0.0519;17.74;510
T-MDA;NY.gr;76251;62468;19561;19561;101;0.0145;17.58;404
T-MDA;NY.gr;28220;17516;12749;12749;116;0.0126;17.58;365
T-MDA;NY.gr;44993;37057;18342;18342;138;0.0142;17.56;230
T-MDA;NY.gr;95255;35387;29131;29131;151;0.0190;17.66;726
T-MDA;NY.gr;181546;162983;6950;6950;46;0.0102;17.57;343
T-MDA;NY.gr;256350;4976;3344;3344;71;0.0089;17.56;154
T-MDA;NY.gr;41227;23955;67525;67525;367;0.0411;18.17;571
T-MDA;NY.gr;164820;158009;16039;16039;117;0.0135;17.58;355
T-MDA;NY.gr;261554;181287;1894952;1894952;1333;2.2778;21.65;4135
T-MDA;NY.gr;62541;24670;45486;45486;325;0.0289;17.93;1382
T-MDA;NY.gr;100381;20097;157482;157482;445;0.0863;18.35;2154
T-MDA;NY.gr;213527;67114;188458;188458;447;0.1292;18.43;1813
T-MDA;NY.gr;48020;38267;6796;6796;110;0.0100;17.56;189
T-MDA;NY.gr;225007;31516;34192;34192;275;0.0213;17.63;583
T-MDA;NY.gr;195671;181404;45748;45748;235;0.0264;18.03;1068
T-MDA;NY.gr;24976;18200;16061;16061;156;0.0140;17.63;428
T-MDA;NY.gr;200003;30227;3213878;3213878;2736;4.8895;21.89;4149
T-MDA;NY.gr;138537;3323;60445;60445;357;0.0290;18.28;1027
T-MDA;NY.gr;253905;234569;259003;259003;434;0.1256;18.24;1313
T-MDA;NY.gr;28492;5424;3021699;3021699;3920;4.3545;26.17;6404
T-MDA;NY.gr;20753;7329;17019;17019;352;0.0143;17.59;378
T-MDA;NY.gr;39854;20385;39897;39897;240;0.0221;17.63;423
T-MDA;NY.gr;40930;18272;27186;27186;273;0.0175;17.76;900
T-MDA;NY.gr;36273;34195;381382;381382;876;0.2462;18.49;1550
T-MDA;NY.gr;90567;57875;192272;192272;895;0.0891;17.78;1190
T-MDA;NY.gr;178688;1475;144309;144309;749;0.0778;18.69;1516
T-MDA;NY.gr;250970;8824;154884;154884;391;0.0722;18.33;1159
T-MDA;NY.gr;125216;38246;155857;155857;769;0.0829;17.97;1103
T-MDA;NY.gr;249957;179743;1025029;1025029;1631;0.9196;20.24;2316
T-MDA;NY.gr;48344;4502;3664565;3664565;2969;3.6516;22.94;6033
T-MDA;NY.gr;149398;60600;66807;66807;245;0.0376;17.82;1023
T-MDA;NY.gr;134596;85327;6733294;6733294;2029;9.0834;43.26;9626
T-MDA;NY.gr;68379;18691;1771509;1771509;3902;1.9133;22.86;4602
T-MDA;NY.gr;177806;18351;3699993;3699993;3640;5.4090;26.40;5426
T-MDA;NY.gr;186122;3615;173689;173689;621;0.0865;18.85;1868
T-MDA;NY.gr;198303;20763;230677;230677;1055;0.1323;18.52;836
T-MDA;NY.gr;41920;22387;2395519;2395519;3396;2.2521;22.34;4735
T-MDA;NY.gr;45993;12186;750025;750025;1534;0.5670;20.75;2786
T-MDA;NY.gr;111193;99774;277608;277608;771;0.1400;18.10;1404
T-MDA;NY.gr;195289;155601;5569268;5569268;6598;9.0061;43.79;5836
T-MDA;NY.gr;35043;5536;1956936;1956936;4651;2.0069;23.33;3061
T-MDA;NY.gr;220384;165370;5742232;5742232;4041;7.1140;27.87;6191
T-MDA;NY.gr;251637;207422;374486;374486;934;0.2785;20.83;2601
T-MDA;NY.gr;67626;25725;1316473;1316473;2644;1.0086;22.81;4395
T-MDA;NY.gr;10080;4811;363281;363281;1204;0.2560;18.44;1555
T-MDA;NY.gr;222010;63310;81050;81050;463;0.0438;18.17;1710
T-MDA;NY.gr;16544;4292;1252731;1252731;4322;1.1415;23.62;1948
T-MDA;NY.gr;47197;7429;594930;594930;1691;0.3556;19.67;1989
T-MDA;NY.gr;241774;173474;4283636;4283636;3350;4.9328;30.37;4881
T-MDA;NY.gr;69468;4624;6814328;6814328;3545;8.8133;39.30;14166
T-MDA;NY.gr;151205;80905;733440;733440;1878;0.4369;19.12;2524
T-MDA;NY.gr;65825;40163;843262;843262;2532;0.6549;21.13;3477
T-MDA;NY.gr;121236;41113;953747;953747;3889;0.9461;21.59;2117
T-MDA;NY.gr;12855;6410;5648435;5648435;7888;8.0789;26.05;5605
T-MDA;NY.gr;153313;147208;9011889;9011889;6152;15.2675;43.49;8287
T-MDA;NY.gr;141878;21616;4304731;4304731;6315;5.4812;23.76;2546
T-MDA;NY.gr;150350;114426;89201825;89201825;13479;354.3187;97.44;12377
T-MDA;NY.gr;229304;122936;7647866;7647866;5236;10.3351;39.93;12468
T-MDA;NY.gr;223401;214992;593229;593229;2595;0.5120;18.76;2315
T-MDA;NY.gr;220443;112319;4415638;4415638;3917;4.9046;34.53;4686
T-MDA;NY.gr;135528;74224;2565479;2565479;3397;2.6623;31.59;3832
T-MDA;NY.gr;230582;70148;1245877;1245877;2124;0.7684;20.97;4880
T-MDA;NY.gr;140273;112104;5114583;5114583;8029;8.4277;33.10;3523
T-MDA;NY.gr;140655;30390;11066544;11066544;9869;14.6994;49.20;4355
T-MDA;NY.gr;37207;6013;23048084;23048084;12899;40.7928;93.65;13867
T-MDA;NY.gr;240556;161332;2450605;2450605;2965;2.5764;28.97;5645
T-MDA;NY.gr;154144;126805;27121458;27121458;11969;56.9945;60.89;10252
T-MDA;NY.gr;210148;67702;28179621;28179621;13915;59.0830;65.32;8503
T-MDA;NY.gr;136818;47442;2560389;2560389;3897;2.4879;25.52;3196
T-MDA;NY.gr;32915;5185;2224352;2224352;3587;2.4075;22.03;5514
T-MDA;NY.gr;183533;36488;5900884;5900884;14980;7.5652;41.07;4820
T-MDA;NY.gr;237331;58600;78617408;78617408;15462;661.9518;101.90;26742
T-MDA;NY.gr;237934;58801;28320797;28320797;12862;111.7818;101.62;15187
T-MDA;NY.gr;159466;87586;21221065;21221065;12501;59.1998;47.10;12512
T-MDA;NY.gr;201042;125327;28332038;28332038;16376;64.2303;74.01;8731
T-MDA;NY.gr;217847;93271;11085209;11085209;6799;14.6682;49.37;8823
T-MDA;NY.gr;183975;97617;35328185;35328185;21959;83.7557;109.98;14698
T-MDA;NY.gr;161157;2531;7902779;7902779;13718;12.2036;30.38;7774
T-MDA;NY.gr;151087;21712;11876565;11876565;12057;21.4108;34.72;3200
T-MDA;NY.gr;234244;69548;18198983;18198983;11175;27.7827;76.02;10666
T-MDA;NY.gr;222679;201424;6377831;6377831;9735;7.9602;33.98;8056
T-MDA;NY.gr;219716;174927;51922134;51922134;22641;169.8042;111.92;13183
T-MDA;NY.gr;175311;118707;227914054;227914054;37225;1016.1556;289.04;30382
T-MDA;NY.gr;208359;99989;97571028;97571028;32308;311.2136;198.99;13642
T-MDA;BAY.gr;40024;20419;342;342;6;0.0086;19.09;53
T-MDA;BAY.gr;153504;138526;4807;4807;45;0.0103;19.11;175
T-MDA;BAY.gr;159934;141029;397;397;11;0.0086;19.09;53
T-MDA;BAY.gr;32927;30737;767;767;14;0.0089;19.09;42
T-MDA;BAY.gr;74477;48020;1770;1770;10;0.0091;19.10;161
T-MDA;BAY.gr;37473;26003;727;727;6;0.0090;19.09;69
T-MDA;BAY.gr;271553;120952;286369;286369;369;0.1795;19.48;798
T-MDA;BAY.gr;24352;5232;5406;5406;86;0.0107;19.12;272
T-MDA;BAY.gr;79517;44024;3276343;3276343;1943;7.6501;21.65;7396
T-MDA;BAY.gr;221866;191123;371180;371180;310;0.2638;20.37;2004
T-MDA;BAY.gr;19083;9334;18952;18952;114;0.0158;19.23;731
T-MDA;BAY.gr;145373;105970;113405;113405;337;0.0710;19.48;1599
T-MDA;BAY.gr;282548;101294;14837;14837;113;0.0134;19.13;241
T-MDA;BAY.gr;152915;79554;101010;101010;248;0.0641;19.31;1136
T-MDA;BAY.gr;279292;60565;9889;9889;60;0.0122;19.12;266
T-MDA;BAY.gr;264815;12823;2257002;2257002;1001;2.3163;21.94;4929
T-MDA;BAY.gr;1908;1098;21630;21630;63;0.0161;19.17;430
T-MDA;BAY.gr;214409;33175;147402;147402;190;0.0885;19.71;2162
T-MDA;BAY.gr;315346;129863;27963;27963;208;0.0198;19.17;517
T-MDA;BAY.gr;28739;15463;75226;75226;280;0.0454;19.25;1544
T-MDA;BAY.gr;228752;67003;134012;134012;199;0.0706;19.55;1607
T-MDA;BAY.gr;29793;6330;28364;28364;136;0.0181;19.15;429
T-MDA;BAY.gr;2928;2371;3976776;3976776;2120;5.8144;27.89;5327
T-MDA;BAY.gr;52214;21428;411535;411535;358;0.2287;19.74;2503
T-MDA;BAY.gr;185756;71369;67753;67753;248;0.0476;19.28;898
T-MDA;BAY.gr;243931;56621;1120582;1120582;664;0.9818;21.63;6290
T-MDA;BAY.gr;66261;4940;54851;54851;326;0.0284;19.20;577
T-MDA;BAY.gr;236554;11497;890740;890740;588;0.6652;21.13;5185
T-MDA;BAY.gr;199782;166480;17630;17630;183;0.0150;19.17;257
T-MDA;BAY.gr;288357;196566;3902792;3902792;2919;10.1705;24.28;6129
T-MDA;BAY.gr;277117;117772;743543;743543;1188;0.5767;19.70;1668
T-MDA;BAY.gr;149235;84792;3448386;3448386;4287;6.7777;21.59;5264
T-MDA;BAY.gr;308261;220074;65815;65815;348;0.0378;19.22;809
T-MDA;BAY.gr;148387;48733;1912558;1912558;2754;3.0148;21.44;6891
T-MDA;BAY.gr;178119;57350;479271;479271;752;0.3812;19.92;2073
T-MDA;BAY.gr;66994;11621;104027;104027;386;0.0562;19.53;1017
T-MDA;BAY.gr;167759;27652;1053920;1053920;1799;0.6904;22.03;1304
T-MDA;BAY.gr;92808;72374;68503;68503;329;0.0318;19.22;367
T-MDA;BAY.gr;139741;124573;266639;266639;1254;0.1682;19.88;1315
T-MDA;BAY.gr;249323;212817;58969;58969;288;0.0313;19.37;845
T-MDA;BAY.gr;318825;256290;2794562;2794562;1625;3.4797;22.71;4854
T-MDA;BAY.gr;92787;50479;91687;91687;417;0.0379;19.28;408
T-MDA;BAY.gr;306341;242646;227141;227141;425;0.1685;19.45;1661
T-MDA;BAY.gr;52090;26054;259000;259000;604;0.1291;19.58;2017
T-MDA;BAY.gr;97957;69910;238203;238203;591;0.1070;19.69;1265
T-MDA;BAY.gr;187413;179580;84689;84689;506;0.0448;19.36;494
T-MDA;BAY.gr;189990;175263;9474729;9474729;3717;24.9774;28.99;13371
T-MDA;BAY.gr;163803;28205;3761432;3761432;2624;5.5276;26.04;2582
T-MDA;BAY.gr;307080;276879;1511258;1511258;1763;1.9836;21.38;4769
T-MDA;BAY.gr;171399;11563;961812;961812;2041;0.7531;21.43;3442
T-MDA;BAY.gr;310361;88205;9624507;9624507;9253;30.4614;32.73;13068
T-MDA;BAY.gr;193415;108461;130033707;130033707;10968;466.2584;109.01;19989
T-MDA;BAY.gr;144062;83404;2344535;2344535;2056;2.4278;21.63;3034
T-MDA;BAY.gr;72578;4981;73581;73581;861;0.0438;19.26;622
T-MDA;BAY.gr;119073;19025;49076558;49076558;7927;365.1282;58.85;31402
T-MDA;BAY.gr;316612;205762;34884516;34884516;6209;157.6062;59.73;13178
T-MDA;BAY.gr;92938;18910;19493953;19493953;8945;33.6695;56.03;8168
T-MDA;BAY.gr;194659;186161;7403814;7403814;6046;17.3399;28.74;9206
T-MDA;BAY.gr;156836;15314;84160604;84160604;21972;728.5206;131.18;41357
T-MDA;BAY.gr;239615;94617;11917126;11917126;14314;23.9040;34.90;23610
T-MDA;BAY.gr;290024;214562;623410023;623410023;20972;7003.3007;370.65;51280
T-MDA;BAY.gr;90978;72589;1143088;1143088;1502;0.7996;21.14;1352
T-MDA;BAY.gr;156851;39269;109372127;109372127;47958;1070.1765;130.25;34093
T-MDA;BAY.gr;285216;216916;617703067;617703067;21553;8990.5008;292.01;68573
T-MDA;BAY.gr;52094;25848;477887;477887;1343;0.2836;19.95;2668
T-MDA;BAY.gr;209553;102111;5805242;5805242;3436;8.9289;31.42;5143
T-MDA;BAY.gr;212638;45702;19600708;19600708;12662;57.6874;33.81;14486
T-MDA;BAY.gr;208540;92248;1846389;1846389;2401;1.8623;26.17;4042
T-MDA;BAY.gr;160444;60380;2300884;2300884;4160;4.1255;23.60;2997
T-MDA;BAY.gr;149113;41117;9175790;9175790;6429;17.8635;39.09;12873
T-MDA;BAY.gr;99065;82082;76392386;76392386;29534;561.9331;86.07;28420
T-MDA;BAY.gr;136798;12346;17591718;17591718;12693;48.9557;60.42;12857
T-MDA;BAY.gr;195140;6575;1171738;1171738;6076;1.1375;24.03;2781
T-MDA;BAY.gr;57367;28144;882945;882945;1898;0.5538;20.28;2993
T-MDA;BAY.gr;209588;118080;448661655;448661655;28799;2573.6083;240.09;34967
T-MDA;BAY.gr;71894;3935;362076;362076;1677;0.1812;19.63;2178
T-MDA;BAY.gr;116120;12233;206749431;206749431;37127;2580.7255;182.61;46198
T-MDA;BAY.gr;249447;94767;4479435;4479435;3948;4.9256;26.62;11062
T-MDA;BAY.gr;299423;213768;59247697;59247697;7939;173.2979;93.79;23698
T-MDA;BAY.gr;310260;198977;18501614;18501614;12487;90.9322;43.64;11423
T-MDA;BAY.gr;251479;97054;6226396;6226396;5957;7.8402;28.64;8644
T-MDA;BAY.gr;41348;5213;440229;440229;2850;0.2686;19.84;1985
T-MDA;BAY.gr;281926;249052;68352649;68352649;14401;597.1035;136.91;23751
T-MDA;BAY.gr;78138;33928;104441696;104441696;32748;775.5769;126.27;40024
T-MDA;BAY.gr;126719;51366;4602096;4602096;5037;5.4899;23.48;7682
T-MDA;BAY.gr;96799;75794;6749415;6749415;3224;6.1318;35.89;8011
T-MDA;BAY.gr;75806;33672;841488;841488;4117;0.5086;20.66;2614
T-MDA;BAY.gr;284070;249119;71435324;71435324;12007;325.0489;64.33;22809
T-MDA;BAY.gr;178011;4707;6537980;6537980;10028;9.6359;26.78;5751
T-MDA;BAY.gr;149392;26723;99644465;99644465;26185;858.7455;135.29;35459
T-MDA;BAY.gr;111947;1238;118118082;118118082;27910;1165.5125;137.53;30786
T-MDA;BAY.gr;218240;142604;349429167;349429167;50263;4826.0132;323.41;45025
T-MDA;BAY.gr;247154;155024;84759366;84759366;22492;589.0588;146.47;23922
T-MDA;BAY.gr;221762;156615;328074772;328074772;59208;3678.2276;338.79;40554
T-MDA;BAY.gr;289025;71824;30697696;30697696;17310;67.7543;62.31;7910
T-MDA;BAY.gr;292371;64499;5328975;5328975;8769;4.6245;28.40;3953
T-MDA;BAY.gr;231257;156701;381902297;381902297;61884;4199.4093;408.39;43465
T-MDA;BAY.gr;258590;118930;699336952;699336952;63201;10754.4348;607.08;74669
T-MDA;BAY.gr;161430;157447;63460436;63460436;26825;160.7452;76.33;18001
T-MDA;BAY.gr;198013;155151;261541643;261541643;49923;921.8960;226.86;17451
T-MDA;COL.gr;50111;49089;26;26;1;0.0112;25.03;14
T-MDA;COL.gr;293316;177760;263;263;2;0.0112;25.03;54
T-MDA;COL.gr;5865;5742;1074;1074;31;0.0117;25.04;97
T-MDA;COL.gr;35324;28591;882;882;24;0.0116;25.04;71
T-MDA;COL.gr;229442;222699;572;572;22;0.0115;25.03;102
T-MDA;COL.gr;74303;55718;13256;13256;53;0.0157;25.09;334
T-MDA;COL.gr;328460;14760;21200;21200;172;0.0198;25.09;507
T-MDA;COL.gr;7095;4357;701;701;15;0.0113;25.03;51
T-MDA;COL.gr;159195;9804;904219;904219;1510;1.0257;26.13;2952
T-MDA;COL.gr;212304;63475;17732;17732;87;0.0180;25.06;386
T-MDA;COL.gr;154067;26786;180725;180725;276;0.0826;25.48;1356
T-MDA;COL.gr;295203;175028;12730;12730;91;0.0150;25.09;173
T-MDA;COL.gr;229802;67391;401132;401132;614;0.2771;25.29;1936
T-MDA;COL.gr;301670;183608;752728;752728;1006;0.6010;26.42;1688
T-MDA;COL.gr;5376;4749;1870;1870;42;0.0120;25.05;230
T-MDA;COL.gr;231979;181403;11964;11964;47;0.0149;25.06;192
T-MDA;COL.gr;235867;140141;1435129;1435129;1584;1.9301;27.28;1671
T-MDA;COL.gr;109057;20386;27875;27875;55;0.0198;25.06;304
T-MDA;COL.gr;224980;61110;269374;269374;461;0.1475;26.06;1673
T-MDA;COL.gr;280357;24718;24548423;24548423;5944;50.9509;59.13;9426
T-MDA;COL.gr;60760;35471;1073975;1073975;1897;1.1271;26.65;3844
T-MDA;COL.gr;74054;24033;57210;57210;458;0.0333;25.15;657
T-MDA;COL.gr;23020;14483;197645;197645;645;0.1386;25.92;1216
T-MDA;COL.gr;101495;62282;527372;527372;700;0.2985;26.60;1508
T-MDA;COL.gr;184467;110561;664929;664929;894;0.4591;26.54;1673
T-MDA;COL.gr;28905;7182;245744;245744;731;0.1669;28.02;1490
T-MDA;COL.gr;103773;72033;2640810;2640810;2314;2.8319;27.26;3378
T-MDA;COL.gr;249036;198382;13145271;13145271;9089;87.0504;39.30;4715
T-MDA;COL.gr;179907;58266;190959;190959;411;0.1181;25.52;1001
T-MDA;COL.gr;371598;88619;554990;554990;2121;0.5080;26.07;1027
T-MDA;COL.gr;9658;2065;22993;22993;328;0.0189;25.12;319
T-MDA;COL.gr;115636;14857;171544;171544;512;0.0867;25.23;1316
T-MDA;COL.gr;127826;59830;137019;137019;299;0.0769;25.45;1207
T-MDA;COL.gr;164574;119069;97399;97399;331;0.0513;25.24;803
T-MDA;COL.gr;288095;110566;580421;580421;754;0.3108;26.68;1096
T-MDA;COL.gr;224950;195156;1802982;1802982;1913;2.4149;27.16;3792
T-MDA;COL.gr;399615;109409;96345;96345;539;0.0486;25.57;1165
T-MDA;COL.gr;57720;26163;155618;155618;1221;0.0839;25.58;1069
T-MDA;COL.gr;274900;59140;331704908;331704908;76513;3058.2938;158.70;43556
T-MDA;COL.gr;283554;219983;1215777;1215777;2150;1.3439;27.65;2941
T-MDA;COL.gr;322166;245074;1062467;1062467;1345;0.6127;26.35;1346
T-MDA;COL.gr;336435;37030;28483148;28483148;19277;132.0860;45.79;6879
T-MDA;COL.gr;292067;40497;5316739;5316739;5369;15.6581;32.22;3287
T-MDA;COL.gr;231836;6863;629088;629088;1900;0.4972;27.78;2439
T-MDA;COL.gr;400653;825;2295176;2295176;1309;2.2950;27.75;4594
T-MDA;COL.gr;360235;234278;33982621;33982621;18219;157.4994;59.42;11005
T-MDA;COL.gr;344377;204836;827309;827309;1976;1.2637;26.28;946
T-MDA;COL.gr;22778;12768;394682;394682;1817;0.2507;28.28;2112
T-MDA;COL.gr;172154;8619;632759;632759;1154;0.5342;26.57;1838
T-MDA;COL.gr;367726;59995;79903000;79903000;22373;462.2497;79.28;23111
T-MDA;COL.gr;158156;74646;2366592;2366592;2234;2.1207;28.58;7255
T-MDA;COL.gr;129444;85601;3451540;3451540;1901;8.4104;29.27;2933
T-MDA;COL.gr;251380;20644;28803796;28803796;12916;87.4165;65.78;14918
T-MDA;COL.gr;86202;8908;281700059;281700059;50115;1618.0962;208.17;28913
T-MDA;COL.gr;186710;9983;4368836;4368836;3866;5.4775;32.33;4722
T-MDA;COL.gr;182635;125046;1323287;1323287;2681;1.4107;28.32;2365
T-MDA;COL.gr;100205;78945;65859780;65859780;10485;191.9115;48.78;14284
T-MDA;COL.gr;167948;80303;2344292;2344292;6875;1.6717;34.49;1751
T-MDA;COL.gr;310052;93518;5015605;5015605;3201;8.0107;32.72;4462
T-MDA;COL.gr;180449;17859;9308484;9308484;19527;17.4718;42.32;2951
T-MDA;COL.gr;325228;167627;10251587;10251587;11704;32.2609;37.76;2693
T-MDA;COL.gr;82695;9385;594542208;594542208;87932;3502.8636;416.68;32139
T-MDA;COL.gr;248760;45420;60421487;60421487;21004;1044.6703;102.49;10677
T-MDA;COL.gr;361053;34794;8157763;8157763;2994;7.2010;34.91;5153
T-MDA;COL.gr;348292;274724;90768106;90768106;17676;699.1937;80.67;17995
T-MDA;COL.gr;395886;75394;51474863;51474863;23469;325.6576;63.21;11847
T-MDA;COL.gr;402667;304158;88372807;88372807;28009;699.2994;115.11;8923
T-MDA;COL.gr;286310;86824;3241168;3241168;7647;3.6252;32.39;2624
T-MDA;COL.gr;292938;56605;7906930;7906930;6789;11.2693;36.75;5684
T-MDA;COL.gr;269913;145027;335168908;335168908;38525;2910.2554;259.37;41236
T-MDA;COL.gr;399805;156802;6835784;6835784;16765;8.7058;39.80;5649
T-MDA;COL.gr;187752;40205;24353988;24353988;20011;139.0391;48.92;5055
T-MDA;COL.gr;98108;82930;166826569;166826569;35823;688.9669;97.33;17942
T-MDA;COL.gr;84294;48605;6477081;6477081;6642;10.7124;34.32;3767
T-MDA;COL.gr;250633;11610;12745215;12745215;18898;35.9131;64.31;10544
T-MDA;COL.gr;356445;11612;11878447;11878447;17858;35.6095;47.90;1660
T-MDA;COL.gr;241390;88362;18313930;18313930;19365;36.0647;48.12;4428
T-MDA;COL.gr;215821;140819;108162835;108162835;18645;300.5274;146.63;21901
T-MDA;COL.gr;80189;73868;127267071;127267071;19544;256.9149;171.95;19634
T-MDA;COL.gr;178963;145373;12537507;12537507;9201;18.7921;31.53;4552
T-MDA;COL.gr;380430;137709;170907644;170907644;42995;1107.2260;173.33;11670
T-MDA;COL.gr;53861;43106;55474417;55474417;19598;490.5554;69.70;15899
T-MDA;COL.gr;380454;270619;488835853;488835853;59359;5494.2164;264.11;36726
T-MDA;COL.gr;172574;146001;7239551;7239551;9008;8.9279;31.90;5204
T-MDA;COL.gr;262584;179250;137739802;137739802;19880;398.1543;110.87;21052
T-MDA;COL.gr;364598;267844;309272941;309272941;55564;2709.9195;190.14;37294
T-MDA;COL.gr;83890;72079;18370839;18370839;9171;24.4975;50.58;5101
T-MDA;COL.gr;391095;331004;755944300;755944300;111858;11497.9766;552.56;69892
T-MDA;COL.gr;240641;228824;150333014;150333014;72854;817.9746;121.37;9531
T-MDA;COL.gr;310174;281006;674408138;674408138;79009;11694.8845;471.84;63297
T-MDA;COL.gr;236120;188825;829516244;829516244;83362;9416.3839;432.30;69316
T-MDA;COL.gr;291579;155272;342157285;342157285;103551;2568.0201;244.48;23387
T-MDA;COL.gr;318136;282623;979395856;979395856;117233;9307.9509;542.08;32192
T-MDA;COL.gr;265512;247328;508072362;508072362;121666;5328.7147;218.70;44192
T-MDA;COL.gr;411039;190039;607975305;607975305;144586;6230.7474;383.95;59460
T-MDA;COL.gr;240590;136018;537108292;537108292;136408;4516.2621;274.72;18043
T-MDA;FLA.xy;10900;3033;154;154;3;0.0289;64.52;29
T-MDA;FLA.xy;8571;8378;92;92;5;0.0288;64.52;15
T-MDA;FLA.xy;9897;5040;4167;4167;23;0.0301;64.54;203
T-MDA;FLA.xy;10825;3463;2736;2736;54;0.0296;64.56;123
T-MDA;FLA.xy;206141;166263;4790784;4790784;7439;11.7074;70.48;2206
T-MDA;FLA.xy;50334;45576;4386;4386;59;0.0307;64.54;369
T-MDA;FLA.xy;687643;61826;122410;122410;944;0.0913;64.82;1724
T-MDA;FLA.xy;606459;124414;4617;4617;81;0.0304;64.57;168
T-MDA;FLA.xy;627321;120869;406991;406991;908;0.2999;65.87;3440
T-MDA;FLA.xy;605429;600349;10078;10078;201;0.0322;64.65;217
T-MDA;FLA.xy;867091;410235;41224;41224;271;0.0475;64.70;398
T-MDA;FLA.xy;820143;513313;46992;46992;246;0.0454;64.96;422
T-MDA;FLA.xy;499642;23309;207305;207305;249;0.1221;65.22;1138
T-MDA;FLA.xy;857301;297248;97222;97222;358;0.0728;65.03;524
T-MDA;FLA.xy;384447;173219;503470;503470;558;0.2783;71.18;2727
T-MDA;FLA.xy;358566;312206;1923846;1923846;5353;2.3467;66.73;4167
T-MDA;FLA.xy;47126;8703;7761711;7761711;11802;17.7844;102.35;6887
T-MDA;FLA.xy;720405;303625;6820336;6820336;3677;11.5715;69.66;6084
T-MDA;FLA.xy;444215;331610;972306;972306;1855;0.8470;67.43;4446
T-MDA;FLA.xy;695992;332169;917666;917666;1208;0.9568;66.51;2844
T-MDA;FLA.xy;383563;209908;48343574;48343574;17048;176.4328;108.21;16180
T-MDA;FLA.xy;509365;313900;18616239;18616239;6762;47.8463;130.35;21933
T-MDA;FLA.xy;873848;248056;59724437;59724437;27522;743.8225;122.08;18061
T-MDA;FLA.xy;217479;160345;125250756;125250756;34006;1018.8869;166.07;17519
T-MDA;FLA.xy;516482;405908;389009522;389009522;69129;3035.5475;417.01;44125
T-MDA;FLA.xy;239484;93262;104577777;104577777;10227;354.6869;133.38;38488
T-MDA;FLA.xy;376708;237965;16301613;16301613;5592;26.1085;93.17;10747
T-MDA;FLA.xy;82914;70592;22464851;22464851;7360;70.9294;85.86;22249
T-MDA;FLA.xy;533108;226540;80132769;80132769;37230;518.5641;129.04;19442
T-MDA;FLA.xy;587503;227495;57143423;57143423;4936;156.6401;87.87;21229
T-MDA;FLA.xy;134166;107076;3077238;3077238;3854;3.4737;69.35;3772
T-MDA;FLA.xy;642433;240556;2646846;2646846;3249;3.7021;72.50;4882
T-MDA;FLA.xy;323601;241436;150736053;150736053;18466;1429.9128;134.64;36164
T-MDA;FLA.xy;576266;141956;12904511;12904511;3902;24.4919;94.43;12335
T-MDA;FLA.xy;267311;22031;13074995;13074995;11502;18.8641;79.79;4569
T-MDA;FLA.xy;781465;198589;47965022;47965022;20015;393.4419;117.17;18798
T-MDA;FLA.xy;605762;61379;30620877;30620877;4653;45.1671;108.34;16201
T-MDA;FLA.xy;1044694;888428;8222062;8222062;11999;14.7674;76.39;5086
T-MDA;FLA.xy;983497;526100;19608052;19608052;17546;69.6651;92.57;11982
T-MDA;FLA.xy;705521;216888;32793462;32793462;22545;117.4309;115.03;22849
T-MDA;FLA.xy;30799;25256;5331906;5331906;6266;10.1428;78.15;4608
T-MDA;FLA.xy;641477;107584;22482900;22482900;4624;61.5246;92.89;13578
T-MDA;FLA.xy;801855;556466;111988589;111988589;32844;685.7079;196.91;21673
T-MDA;FLA.xy;267492;106078;15206877;15206877;6267;35.3662;80.55;12790
T-MDA;FLA.xy;528295;17455;3062521;3062521;5027;3.3524;70.50;3426
T-MDA;FLA.xy;960447;932719;43493363;43493363;18987;232.5415;133.32;22190
T-MDA;FLA.xy;367766;281136;75116020;75116020;11123;223.3473;156.06;21777
T-MDA;FLA.xy;487885;359013;10639543;10639543;10503;23.8949;82.95;7664
T-MDA;FLA.xy;650361;206859;146657106;146657106;30297;907.3167;181.76;28997
T-MDA;FLA.xy;359126;19709;10290674;10290674;23461;30.8230;87.25;6700
T-MDA;FLA.xy;668494;227899;35630211;35630211;28843;161.3333;105.99;12181
T-MDA;FLA.xy;1045430;412588;453902026;453902026;113705;7961.7135;375.85;38419
T-MDA;FLA.xy;76809;20895;36226092;36226092;34059;102.1512;246.18;19971
T-MDA;FLA.xy;250865;151437;438261389;438261389;121169;4149.8857;426.25;32488
T-MDA;FLA.xy;885318;500282;12363609;12363609;8306;18.0450;91.61;5790
T-MDA;FLA.xy;469272;31547;6175681;6175681;4829;10.0672;70.52;4068
T-MDA;FLA.xy;984467;751413;405185894;405185894;39880;4748.2555;487.93;70668
T-MDA;FLA.xy;770724;185893;30721180;30721180;10667;93.8865;109.10;12464
T-MDA;FLA.xy;459579;49290;452611304;452611304;62197;6597.8080;439.30;30776
T-MDA;FLA.xy;1043936;314135;950168853;950168853;89413;15204.7564;506.18;58179
T-MDA;FLA.xy;1053479;225130;138858247;138858247;64128;732.6159;431.03;15039
T-MDA;FLA.xy;576244;225840;564704394;564704394;40555;7449.6541;414.52;89044
T-MDA;FLA.xy;369613;176204;535113088;535113088;88878;8499.7163;404.59;47005
T-MDA;FLA.xy;454535;57107;180722667;180722667;78115;2123.5227;193.43;24213
T-MDA;FLA.xy;882938;344102;624349532;624349532;157640;6167.5206;719.55;45603
T-MDA;FLA.xy;189146;12299;128381098;128381098;36307;1019.1779;159.11;40244
T-MDA;FLA.xy;266041;181924;1255460632;1255460632;111530;14747.4242;602.32;66155
T-MDA;FLA.xy;485323;139495;75880727;75880727;25356;353.8229;148.34;31834
T-MDA;FLA.xy;610717;197955;783212243;783212243;101266;7691.4250;564.26;55041
T-MDA;FLA.xy;531914;190651;573167980;573167980;80940;6388.5706;385.42;78688
T-MDA;FLA.xy;385879;250187;791278908;791278908;156994;8655.4504;1136.76;108333
T-MDA;FLA.xy;366987;109819;867150462;867150462;255291;7723.9066;1550.60;34044
T-MDA;FLA.xy;790338;754195;463171335;463171335;61908;3755.4021;375.76;39281
T-MDA;FLA.xy;792915;614028;1140240375;1140240375;121983;13860.9457;877.53;67987
T-MDA;FLA.xy;52755;40215;1299686459;1299686459;168918;14851.9737;879.78;93151
T-MDA;FLA.xy;58109;34060;1159418287;1159418287;154927;11317.3153;796.00;92328
T-MDA;LKS.xy;3267;3117;97;97;2;0.0723;163.09;29
T-MDA;LKS.xy;202083;106118;67707;67707;156;0.1209;163.20;664
T-MDA;LKS.xy;1941791;785068;678064;678064;2480;0.9820;165.06;1721
T-MDA;LKS.xy;58633;42574;623188;623188;2455;0.4713;166.28;1314
T-MDA;LKS.xy;1060171;1051336;696046;696046;986;0.6130;164.18;2821
T-MDA;LKS.xy;1867756;531496;50356288;50356288;5790;345.6141;185.49;17181
T-MDA;LKS.xy;133485;78688;588372;588372;1133;0.6763;165.62;3041
T-MDA;LKS.xy;1234490;1170979;7771396;7771396;8089;12.7523;171.24;8072
T-MDA;LKS.xy;530301;294672;170812877;170812877;19085;1124.5755;358.57;34935
T-MDA;LKS.xy;199742;106581;2031955;2031955;3421;2.0902;168.24;4644
T-MDA;LKS.xy;192542;175992;5814958;5814958;5887;9.5838;184.27;6318
T-MDA;LKS.xy;379921;293336;1300691;1300691;1891;1.0719;164.28;2509
T-MDA;LKS.xy;1426479;302886;132441249;132441249;21880;893.6458;295.61;22735
T-MDA;LKS.xy;2178250;2118497;42900918;42900918;24647;164.2050;246.39;8411
T-MDA;LKS.xy;2024599;991649;20458232;20458232;8552;66.0839;192.36;8803
T-MDA;LKS.xy;1206505;1000051;123315041;123315041;22556;1346.8689;262.41;47993
T-MDA;LKS.xy;2637311;1089053;17634382;17634382;10850;73.6088;184.31;8616
T-MDA;LKS.xy;1978702;1024519;69243468;69243468;26053;550.4201;253.54;16281
T-MDA;LKS.xy;207870;3618;81383567;81383567;13416;344.5995;234.15;11965
T-MDA;LKS.xy;1173601;279572;857565213;857565213;104865;10741.3666;569.81;37962
T-MDA;LKS.xy;54214;28510;101668392;101668392;21016;774.5268;232.96;21062
T-MDA;LKS.xy;106531;37675;736615394;736615394;81544;11047.8471;624.30;55026
T-MDA;LKS.xy;2370841;2350395;253929750;253929750;59312;1473.7330;569.59;28335
T-MDA;LKS.xy;2705510;2553103;292523668;292523668;114046;3081.3590;483.13;26267
T-MDA;LKS.xy;2385534;1936182;187654352;187654352;49904;792.2954;350.32;20599
T-MDA;LKS.xy;2676950;991733;525193779;525193779;179954;5454.8308;812.25;18987
T-MDA;LKS.xy;2538769;2027873;374359151;374359151;56302;3651.6221;356.33;20833
T-MDA;LKS.xy;2554624;2049730;304021780;304021780;93621;2863.7891;507.28;26583
T-MDA;LKS.xy;127421;8464;785012950;785012950;202013;7551.0635;522.06;45550
T-MDA;NE.gr;30908;28855;2220;2220;34;0.0426;92.85;104
T-MDA;NE.gr;973306;971962;5964;5964;167;0.0441;92.86;224
T-MDA;NE.gr;93717;36933;100861;100861;235;0.0930;93.30;1434
T-MDA;NE.gr;304256;120708;119282;119282;419;0.0948;93.19;930
T-MDA;NE.gr;1096890;869646;34717;34717;138;0.0547;92.93;450
T-MDA;NE.gr;814428;688911;428759;428759;779;0.4119;93.60;2032
T-MDA;NE.gr;197053;27191;374197;374197;794;0.2677;93.49;2079
T-MDA;NE.gr;147797;60713;3554031;3554031;10292;5.4076;98.18;7613
T-MDA;NE.gr;16478;2119;64945;64945;353;0.0659;93.08;824
T-MDA;NE.gr;58623;17728;1400935;1400935;2275;1.6632;95.59;5251
T-MDA;NE.gr;1465868;987252;6943594;6943594;5834;8.0652;103.05;3954
T-MDA;NE.gr;252747;100890;2632570;2632570;1677;2.6001;100.13;9180
T-MDA;NE.gr;461316;387312;2838290;2838290;3993;3.9778;98.30;9329
T-MDA;NE.gr;947885;713288;15680829;15680829;5334;46.1365;119.05;15198
T-MDA;NE.gr;1044455;625838;27702932;27702932;16611;105.7030;131.57;10243
T-MDA;NE.gr;157606;52153;106097280;106097280;10888;727.7603;145.49;22388
T-MDA;NE.gr;58752;44905;2178198;2178198;2795;1.5448;95.89;3060
T-MDA;NE.gr;908310;458037;59599338;59599338;21118;234.4912;157.84;19522
T-MDA;NE.gr;594977;556355;710784;710784;2196;0.5875;93.93;2449
T-MDA;NE.gr;318687;198549;5425148;5425148;5114;7.4228;102.66;6413
T-MDA;NE.gr;468090;403800;780996;780996;2881;0.5004;96.25;1927
T-MDA;NE.gr;193727;62728;8691771;8691771;4648;14.6916;114.14;13067
T-MDA;NE.gr;96316;69932;1323691;1323691;2647;1.2299;96.35;4930
T-MDA;NE.gr;47568;17194;2791901;2791901;3422;2.2197;99.28;4893
T-MDA;NE.gr;303236;16966;2801642;2801642;2773;2.7062;98.96;8483
T-MDA;NE.gr;1244329;1232333;21161136;21161136;12069;50.7197;117.58;17920
T-MDA;NE.gr;953752;552066;9148721;9148721;4144;14.5095;101.93;7422
T-MDA;NE.gr;188767;144985;3308067;3308067;5432;4.5458;101.49;3319
T-MDA;NE.gr;1038409;234944;22183974;22183974;9672;55.8353;147.58;16296
T-MDA;NE.gr;1299613;352767;14106895;14106895;10930;21.9592;123.32;13236
T-MDA;NE.gr;26150;17911;4996204;4996204;5040;6.6386;108.10;7115
T-MDA;NE.gr;287401;29997;5809668;5809668;5587;12.3040;110.06;6079
T-MDA;NE.gr;938153;454356;16748696;16748696;4286;44.0727;121.71;20443
T-MDA;NE.gr;602564;475064;13630973;13630973;8456;22.7104;108.00;8988
T-MDA;NE.gr;1080955;673793;11388802;11388802;8090;16.5648;100.82;8966
T-MDA;NE.gr;1226319;840687;40704023;40704023;23745;95.2422;157.73;11602
T-MDA;NE.gr;1453625;1099729;82332744;82332744;38743;326.6442;189.59;30706
T-MDA;NE.gr;1218725;914052;2603012;2603012;2155;2.2876;102.38;7302
T-MDA;NE.gr;140598;34304;3782060;3782060;12108;3.8803;96.36;4639
T-MDA;NE.gr;1460542;1227349;34829486;34829486;21798;136.7196;138.63;17905
T-MDA;NE.gr;1272814;1082054;74638020;74638020;13858;205.5255;231.38;44190
T-MDA;NE.gr;1245268;1052216;133918689;133918689;33743;998.4227;287.30;48016
T-MDA;NE.gr;1384120;1140142;257285926;257285926;32091;940.1375;351.75;30892
T-MDA;NE.gr;988592;885661;87944593;87944593;60315;497.5532;216.16;24762
T-MDA;NE.gr;614988;580629;213122676;213122676;73784;1008.0913;544.59;18566
T-MDA;NE.gr;1504399;1260904;50535541;50535541;41768;208.7821;158.05;15508
T-MDA;NE.gr;354935;97508;234381647;234381647;26534;1191.5962;535.55;51279
T-MDA;NE.gr;932566;16960;342064460;342064460;98917;3235.3551;339.70;65999
T-MDA;NE.gr;179054;9471;268998812;268998812;38048;2171.0212;411.64;59737
T-MDA;NE.gr;469995;91155;434814183;434814183;53495;2662.7407;764.65;50129
T-MDA;NE.gr;1217655;16147;211882793;211882793;32574;876.8427;375.84;58030
T-MDA;NE.gr;1521290;510693;371486561;371486561;58261;2797.2171;797.15;48320
T-MDA;NE.gr;456097;264832;462007731;462007731;33750;3428.3239;833.73;64501
T-MDA;NE.gr;1044784;690995;236388142;236388142;98060;1440.7419;425.86;24932
T-MDA;NE.gr;1152991;470689;554038730;554038730;48764;3344.2452;765.97;71304
T-MDA;NE.gr;739322;340606;600929209;600929209;48828;4318.8278;762.58;72313
T-MDA;NE.gr;765156;658;153511902;153511902;47073;393.7972;396.67;33890
T-MDA;NE.gr;823473;314913;174135435;174135435;25190;641.0728;460.18;37704
T-MDA;NE.gr;1043422;542566;285993484;285993484;49503;2546.8076;472.49;50643
T-MDA;NE.gr;755899;229358;701573383;701573383;58230;5372.4139;843.21;68827
T-MDA;NE.gr;852559;316093;642302947;642302947;56133;4820.5414;1356.60;71995
T-MDA;NE.gr;382908;48625;260148668;260148668;52029;1534.7024;472.61;71935
T-MDA;NE.gr;1361676;144371;927465927;927465927;147541;6542.2614;707.52;34368
T-MDA;NE.gr;495242;307475;936953197;936953197;64942;11167.5577;854.13;94376
T-MDA;NE.gr;647169;245523;376679336;376679336;73498;1911.6276;652.97;42038
T-MDA;NE.gr;1124916;609726;154797086;154797086;57684;806.5630;331.08;40921
T-MDA;NE.gr;223931;88583;472553253;472553253;79710;3166.1897;827.33;50366
T-MDA;NE.gr;805945;341418;1702617917;1702617917;118068;17976.5388;1188.98;59449
T-MDA;NE.gr;1156333;608219;293270719;293270719;73687;1943.3273;480.06;45534
T-MDA;NE.gr;351241;153008;691048934;691048934;140705;4179.5330;566.13;48029
T-MDA;NE.gr;1368843;526532;1075799378;1075799378;146971;11214.5303;1337.92;71626
T-MDA;NE.gr;1341964;1167340;1828112002;1828112002;128088;15665.5110;1845.64;89684
T-MDA;NE.gr;1208619;171856;1114052337;1114052337;62830;8168.5722;1906.53;107406
T-MDA;NE.gr;357506;151661;720206113;720206113;129222;5258.4909;656.17;71715
T-MDA;NE.gr;897868;197366;1109561984;1109561984;137955;11083.2899;698.29;72286
T-MDA;NE.gr;924632;740058;1659954048;1659954048;194626;16915.7195;1966.96;65033
T-MDA;NE.gr;550718;322693;636439979;636439979;158843;4461.5952;540.76;50570
T-MDA;E.gr;139510;1190279;38357;38357;228;0.1136;209.09;516
T-MDA;E.gr;3062225;3538666;82075;82075;276;0.1358;209.33;1193
T-MDA;E.gr;2763600;959140;47307;47307;424;0.1182;209.11;581
T-MDA;E.gr;3056948;2878999;6132023;6132023;2707;9.5639;219.11;6869
T-MDA;E.gr;2858430;2920724;441757;441757;570;0.4541;209.83;1881
T-MDA;E.gr;2787372;3189811;505190;505190;751;0.6045;210.65;2189
T-MDA;E.gr;659874;1688167;589624;589624;1241;0.4978;210.40;2825
T-MDA;E.gr;1642551;2573642;4724223;4724223;4068;7.6833;224.24;8897
T-MDA;E.gr;162340;1240214;491057;491057;2068;0.3967;210.50;2805
T-MDA;E.gr;3131712;1278131;40253955;40253955;10449;120.8240;237.94;23013
T-MDA;E.gr;3062053;519465;2473313;2473313;2581;3.7954;212.60;6530
T-MDA;E.gr;1532960;3045827;246752594;246752594;41516;5127.2648;376.87;32255
T-MDA;E.gr;632013;3266584;933253;933253;2157;0.8573;210.55;1961
T-MDA;E.gr;1044759;1745645;5848502;5848502;5275;13.7655;215.97;5065
T-MDA;E.gr;2843686;3024795;2797270;2797270;9470;5.4657;213.73;7377
T-MDA;E.gr;699545;2550097;220831562;220831562;32609;1747.5650;420.54;34598
T-MDA;E.gr;3264971;2358865;20376219;20376219;4977;51.9100;234.79;21934
T-MDA;E.gr;1533344;432448;32823964;32823964;11425;172.7928;284.94;16958
T-MDA;E.gr;2731704;646046;14370063;14370063;6007;28.5755;243.43;11404
T-MDA;E.gr;2152549;1769723;45361050;45361050;19094;214.7505;311.16;29352
T-MDA;E.gr;3225309;854811;92183406;92183406;38257;437.0221;280.75;31170
T-MDA;E.gr;3315569;802916;154833827;154833827;45452;1007.4555;305.52;26950
T-MDA;E.gr;462327;3369133;58638045;58638045;29589;288.6312;272.17;16129
T-MDA;E.gr;2532573;1021485;355549778;355549778;46715;2747.7576;410.72;27637
T-MDA;E.gr;2301958;3031937;28629094;28629094;27962;65.2179;242.72;11731
T-MDA;E.gr;2563375;3592344;16037664;16037664;7376;19.3073;250.19;12245
T-MDA;E.gr;2688541;3256610;75456003;75456003;17010;249.6655;339.53;41506
T-MDA;E.gr;1124225;1757236;86467715;86467715;38895;378.6832;342.65;34781
T-MDA;E.gr;3428860;1118084;1333789383;1333789383;135312;12820.9178;1488.92;79753
T-MDA;E.gr;883841;3260412;149906439;149906439;38804;401.9495;500.49;27281
T-MDA;E.gr;2253418;3555026;89034349;89034349;105144;511.2818;283.00;11689
T-MDA;E.gr;2180520;2383996;59200122;59200122;43601;185.5310;424.55;11601
T-MDA;E.gr;2041678;786290;302575417;302575417;137744;2242.7316;560.84;29342
T-MDA;E.gr;2780457;3192627;467245862;467245862;62063;3140.0129;886.90;47018
T-MDA;E.gr;639653;2182196;1344425068;1344425068;116041;16235.7357;1373.45;101926
T-MDA;E.gr;1620659;1115734;146836073;146836073;73557;711.0819;424.31;30790
T-MDA;E.gr;338390;1187005;1162619389;1162619389;120830;12376.4623;1580.63;86815
T-MDA;E.gr;2791237;874276;688996251;688996251;52196;3576.2643;806.64;60232
T-MDA;E.gr;1947357;334355;1217121185;1217121185;139166;9608.1652;2196.36;92355
T-MDA;E.gr;2323811;1372993;874955197;874955197;143480;5465.0621;909.13;44846
T-MDA;W.gr;2737090;3613390;897239;897239;2176;0.6912;364.22;1900
T-MDA;W.gr;3186963;5413115;1472714;1472714;1999;1.2977;365.49;1393
T-MDA;W.gr;3438791;4036892;2872477;2872477;4710;2.9229;366.42;1769
T-MDA;W.gr;203207;1224798;288393425;288393425;60606;4679.9018;602.64;43877
T-MDA;W.gr;119328;188346;203433530;203433530;24385;1114.6136;619.62;37619
T-MDA;W.gr;634042;323777;17269805;17269805;7207;23.8899;379.10;7932
T-MDA;W.gr;2199777;768755;34556614;34556614;12255;127.3717;414.58;15258
T-MDA;W.gr;3779891;4769853;37286205;37286205;13926;290.5778;391.47;12468
T-MDA;W.gr;5384645;4125099;7446826;7446826;18369;14.5234;377.87;6699
T-MDA;W.gr;5133593;3970636;588827279;588827279;65853;5436.5178;706.08;48779
T-MDA;W.gr;5379894;4140002;490994025;490994025;127115;4647.1461;695.89;25205
T-MDA;W.gr;4830840;3780441;124229927;124229927;34138;1360.5836;496.36;20385
T-MDA;W.gr;1881909;648292;1092656013;1092656013;50130;14431.2320;923.03;83357
T-MDA;W.gr;5207853;3730081;1197643185;1197643185;101510;8098.0683;837.44;49541
T-MDA;W.gr;228406;2331597;1005644214;1005644214;51767;17047.8780;771.63;132381
T-MDA;W.gr;1689718;2191918;738367799;738367799;76961;12739.5840;1197.67;54599
T-MDA;W.gr;1204971;426644;669894258;669894258;145069;9661.5819;719.73;45286
T-MDA;W.gr;2952139;2586113;425962543;425962543;86776;3441.4836;573.30;26536
T-MDA;W.gr;2223203;2903228;949083725;949083725;92022;7945.9057;723.06;29994
T-MDA;W.gr;173110;4615658;1120005131;1120005131;175014;15087.4317;769.06;47966
T-MDA;W.gr;3490720;5466334;1001285988;1001285988;259530;10821.6825;1019.45;57479
T-MDA;CTR.gr;1633560;8547216;14486309;14486309;4146;45.5987;830.92;8652
T-MDA;CTR.gr;1853562;9278816;11089449;11089449;7890;30.7136;829.03;10693
T-MDA;CTR.gr;7896411;8312358;37425220;37425220;8885;145.6148;856.96;17080
T-MDA;CTR.gr;3039194;12453033;111074404;111074404;31683;712.7927;905.69;25809
T-MDA;CTR.gr;2410825;2403732;1032756248;1032756248;95049;17642.0792;1395.70;52707
T-MDA;CTR.gr;476856;10618601;39021973;39021973;12332;68.5020;932.01;14530
T-MDA;CTR.gr;2966136;9779718;194586437;194586437;37312;1594.9362;985.59;21659
T-MDA;CTR.gr;3790050;2543818;190981553;190981553;63232;1233.7513;1043.95;28500
T-MDA;CTR.gr;4843437;4749587;194100208;194100208;136768;1166.4536;1027.66;11658
T-MDA;CTR.gr;12733167;11876148;1673545250;1673545250;237606;17347.3763;2327.07;45252
T-MDA;CTR.gr;10033939;13681731;1173005498;1173005498;166524;12713.1011;1299.87;54937
NAMOA_LAZY;NY.gr;2994;2514;30;31;1;0.0000;0.01;19
NAMOA_LAZY;NY.gr;1442;432;126;134;3;0.0000;0.01;41
NAMOA_LAZY;NY.gr;22659;16132;3913;4310;28;0.0009;0.04;661
NAMOA_LAZY;NY.gr;35026;15789;637;686;10;0.0002;0.02;206
NAMOA_LAZY;NY.gr;199718;25125;21722;27860;161;0.0055;0.06;989
NAMOA_LAZY;NY.gr;15429;13101;9649;10933;57;0.0027;0.06;1106
NAMOA_LAZY;NY.gr;78620;73258;4768;4952;43;0.0008;0.02;309
NAMOA_LAZY;NY.gr;4530;637;202;214;4;0.0000;0.01;40
NAMOA_LAZY;NY.gr;25782;25005;2132;2321;29;0.0005;0.02;337
NAMOA_LAZY;NY.gr;36254;28937;5254;5605;53;0.0011;0.02;328
NAMOA_LAZY;NY.gr;59414;57571;3769;4085;33;0.0009;0.03;485
NAMOA_LAZY;NY.gr;119726;59623;1911;2055;39;0.0003;0.02;237
NAMOA_LAZY;NY.gr;36924;22047;5475;5661;30;0.0009;0.02;313
NAMOA_LAZY;NY.gr;118368;50576;265594;296815;619;0.1543;0.81;16402
NAMOA_LAZY;NY.gr;14360;9408;4195;4311;69;0.0007;0.03;468
NAMOA_LAZY;NY.gr;34162;31976;100533;107395;412;0.0329;0.17;3429
NAMOA_LAZY;NY.gr;76251;62468;20361;22416;101;0.0043;0.05;905
NAMOA_LAZY;NY.gr;28220;17516;13405;15274;116;0.0031;0.06;1073
NAMOA_LAZY;NY.gr;44993;37057;18875;20347;138;0.0038;0.04;678
NAMOA_LAZY;NY.gr;95255;35387;31853;38505;151;0.0083;0.16;3214
NAMOA_LAZY;NY.gr;181546;162983;7374;8342;46;0.0015;0.05;918
NAMOA_LAZY;NY.gr;256350;4976;3760;4129;71;0.0007;0.04;670
NAMOA_LAZY;NY.gr;41227;23955;71250;77692;367;0.0261;0.49;9938
NAMOA_LAZY;NY.gr;164820;158009;16885;19315;117;0.0038;0.06;968
NAMOA_LAZY;NY.gr;261554;181287;1961590;2265543;1333;2.2856;3.12;64693
NAMOA_LAZY;NY.gr;62541;24670;54205;64249;325;0.0178;0.46;9459
NAMOA_LAZY;NY.gr;100381;20097;181383;201169;445;0.0658;0.79;15912
NAMOA_LAZY;NY.gr;213527;67114;199959;230388;447;0.1079;0.87;18048
NAMOA_LAZY;NY.gr;48020;38267;7184;8231;110;0.0015;0.04;605
NAMOA_LAZY;NY.gr;225007;31516;36094;38426;275;0.0090;0.10;1723
NAMOA_LAZY;NY.gr;195671;181404;55772;62480;235;0.0156;0.48;9883
NAMOA_LAZY;NY.gr;24976;18200;17961;19805;156;0.0045;0.12;2241
NAMOA_LAZY;NY.gr;200003;30227;3295502;3975500;2736;4.9944;4.02;82460
NAMOA_LAZY;NY.gr;138537;3323;81683;86617;357;0.0203;0.66;13472
NAMOA_LAZY;NY.gr;253905;234569;270141;298302;434;0.0880;0.73;14936
NAMOA_LAZY;NY.gr;28492;5424;3219622;3753447;3920;4.6570;6.95;143105
NAMOA_LAZY;NY.gr;20753;7329;17779;18941;352;0.0045;0.06;943
NAMOA_LAZY;NY.gr;39854;20385;42748;48886;240;0.0098;0.12;2059
NAMOA_LAZY;NY.gr;40930;18272;32491;38189;273;0.0082;0.28;5639
NAMOA_LAZY;NY.gr;36273;34195;395049;467251;876;0.1985;0.72;14631
NAMOA_LAZY;NY.gr;90567;57875;199638;222786;895;0.0606;0.23;4477
NAMOA_LAZY;NY.gr;178688;1475;172874;192226;749;0.0634;1.14;23578
NAMOA_LAZY;NY.gr;250970;8824;169483;192695;391;0.0536;0.85;17556
NAMOA_LAZY;NY.gr;125216;38246;162830;187486;769;0.0554;0.39;7726
NAMOA_LAZY;NY.gr;249957;179743;1072883;1251083;1631;0.8488;2.22;45909
NAMOA_LAZY;NY.gr;48344;4502;3751764;4350971;2969;3.3904;4.83;99481
NAMOA_LAZY;NY.gr;149398;60600;71285;80780;245;0.0219;0.33;6668
NAMOA_LAZY;NY.gr;134596;85327;7227137;8871378;2029;11.5040;22.04;458296
NAMOA_LAZY;NY.gr;68379;18691;1933802;2263407;3902;2.0039;3.97;81791
NAMOA_LAZY;NY.gr;177806;18351;3885893;4698747;3640;6.0980;8.22;169756
NAMOA_LAZY;NY.gr;186122;3615;197798;226083;621;0.0681;1.30;26750
NAMOA_LAZY;NY.gr;198303;20763;263758;310781;1055;0.1236;1.03;20849
NAMOA_LAZY;NY.gr;41920;22387;2570602;2916578;3396;2.1874;3.65;75184
NAMOA_LAZY;NY.gr;45993;12186;848524;987258;1534;0.5741;3.24;66459
NAMOA_LAZY;NY.gr;111193;99774;295918;329923;771;0.1077;0.58;11718
NAMOA_LAZY;NY.gr;195289;155601;5960444;7362016;6598;11.1618;19.63;406771
NAMOA_LAZY;NY.gr;35043;5536;2143570;2579192;4651;2.1334;5.02;102653
NAMOA_LAZY;NY.gr;220384;165370;6117434;8000089;4041;7.6299;9.36;193561
NAMOA_LAZY;NY.gr;251637;207422;421765;520817;934;0.2719;2.81;58149
NAMOA_LAZY;NY.gr;67626;25725;1450097;1766796;2644;0.9626;4.85;100445
NAMOA_LAZY;NY.gr;10080;4811;376217;421612;1204;0.2109;0.74;14638
NAMOA_LAZY;NY.gr;222010;63310;94593;108043;463;0.0301;0.62;12586
NAMOA_LAZY;NY.gr;16544;4292;1392017;1497709;4322;1.2455;5.23;107847
NAMOA_LAZY;NY.gr;47197;7429;646012;751590;1691;0.3007;1.57;31754
NAMOA_LAZY;NY.gr;241774;173474;4477366;5409306;3350;5.3158;9.60;198634
NAMOA_LAZY;NY.gr;69468;4624;7116903;8807913;3545;9.9836;17.89;371875
NAMOA_LAZY;NY.gr;151205;80905;801893;933785;1878;0.3959;1.42;28389
NAMOA_LAZY;NY.gr;65825;40163;932281;1120325;2532;0.6146;3.44;70921
NAMOA_LAZY;NY.gr;121236;41113;1016517;1209979;3889;0.9341;3.06;62293
NAMOA_LAZY;NY.gr;12855;6410;5819264;6633773;7888;8.7839;7.02;142139
NAMOA_LAZY;NY.gr;153313;147208;9457754;12090186;6152;18.9977;23.45;487111
NAMOA_LAZY;NY.gr;141878;21616;4642603;5523251;6315;6.0187;5.40;109982
NAMOA_LAZY;NY.gr;150350;114426;90121104;105984671;13479;415.7985;64.59;1340453
NAMOA_LAZY;NY.gr;229304;122936;8177257;9696830;5236;11.6714;19.18;398457
NAMOA_LAZY;NY.gr;223401;214992;636107;770132;2595;0.4427;1.13;22514
NAMOA_LAZY;NY.gr;220443;112319;4851666;5859230;3917;5.7410;14.86;308491
NAMOA_LAZY;NY.gr;135528;74224;2939996;3593531;3397;3.2606;13.57;281312
NAMOA_LAZY;NY.gr;230582;70148;1489499;1727389;2124;0.7709;3.80;78224
NAMOA_LAZY;NY.gr;140273;112104;5527247;6627907;8029;10.3890;14.30;295677
NAMOA_LAZY;NY.gr;140655;30390;11864486;14253915;9869;19.3139;31.78;659868
NAMOA_LAZY;NY.gr;37207;6013;25126992;29916347;12899;56.4245;66.64;1384338
NAMOA_LAZY;NY.gr;240556;161332;2861367;3379311;2965;3.0323;9.51;196711
NAMOA_LAZY;NY.gr;154144;126805;27929244;34263860;11969;71.7839;32.84;679747
NAMOA_LAZY;NY.gr;210148;67702;29173670;35842707;13915;77.4937;35.83;742493
NAMOA_LAZY;NY.gr;136818;47442;2883064;3598283;3897;2.7670;9.48;196084
NAMOA_LAZY;NY.gr;32915;5185;2311509;2573935;3587;2.1929;3.90;79115
NAMOA_LAZY;NY.gr;183533;36488;6498633;7751314;14980;8.9922;24.20;499600
NAMOA_LAZY;NY.gr;237331;58600;82319345;96628402;15462;944.7382;60.95;1263538
NAMOA_LAZY;NY.gr;237934;58801;31273331;36558308;12862;151.7444;73.24;1522080
NAMOA_LAZY;NY.gr;159466;87586;22146642;26454779;12501;78.2523;24.43;504977
NAMOA_LAZY;NY.gr;201042;125327;29527954;35906117;16376;87.1797;49.14;1020739
NAMOA_LAZY;NY.gr;217847;93271;11731408;14166928;6799;18.3883;31.52;655056
NAMOA_LAZY;NY.gr;183975;97617;37812700;45096447;21959;114.4217;75.77;1561920
NAMOA_LAZY;NY.gr;161157;2531;8824595;9943866;13718;14.2847;9.96;203174
NAMOA_LAZY;NY.gr;151087;21712;12599207;15862686;12057;25.6721;16.98;349492
NAMOA_LAZY;NY.gr;234244;69548;20388758;24195210;11175;38.3966;49.81;1034189
NAMOA_LAZY;NY.gr;222679;201424;6861784;8573342;9735;8.9523;13.13;271226
NAMOA_LAZY;NY.gr;219716;174927;53920362;65919417;22641;235.9399;59.61;1237211
NAMOA_LAZY;NY.gr;175311;118707;235806569;293431614;37225;1480.7076;245.41;5098986
NAMOA_LAZY;NY.gr;208359;99989;101004147;124883148;32308;445.9461;136.12;2827406
NAMOA_LAZY;BAY.gr;40024;20419;367;383;6;0.0001;0.01;79
NAMOA_LAZY;BAY.gr;153504;138526;5075;5390;45;0.0012;0.03;453
NAMOA_LAZY;BAY.gr;159934;141029;412;433;11;0.0001;0.01;67
NAMOA_LAZY;BAY.gr;32927;30737;775;835;14;0.0002;0.01;58
NAMOA_LAZY;BAY.gr;74477;48020;1829;1852;10;0.0003;0.02;250
NAMOA_LAZY;BAY.gr;37473;26003;727;760;6;0.0002;0.01;70
NAMOA_LAZY;BAY.gr;271553;120952;290032;314813;369;0.1448;0.39;7949
NAMOA_LAZY;BAY.gr;24352;5232;5581;5917;86;0.0012;0.04;575
NAMOA_LAZY;BAY.gr;79517;44024;3306016;3781528;1943;7.6324;2.19;45274
NAMOA_LAZY;BAY.gr;221866;191123;376765;414111;310;0.2160;1.08;22419
NAMOA_LAZY;BAY.gr;19083;9334;20884;23265;114;0.0052;0.16;3251
NAMOA_LAZY;BAY.gr;145373;105970;117435;130970;337;0.0483;0.37;7635
NAMOA_LAZY;BAY.gr;282548;101294;15432;16412;113;0.0032;0.04;652
NAMOA_LAZY;BAY.gr;152915;79554;104703;118291;248;0.0429;0.22;4412
NAMOA_LAZY;BAY.gr;279292;60565;10297;10935;60;0.0023;0.03;502
NAMOA_LAZY;BAY.gr;264815;12823;2284472;2548301;1001;1.9835;2.60;53995
NAMOA_LAZY;BAY.gr;1908;1098;22758;24796;63;0.0052;0.10;1830
NAMOA_LAZY;BAY.gr;214409;33175;153640;165132;190;0.0609;0.60;12157
NAMOA_LAZY;BAY.gr;315346;129863;29825;33470;208;0.0083;0.10;1784
NAMOA_LAZY;BAY.gr;28739;15463;78073;83623;280;0.0272;0.17;3355
NAMOA_LAZY;BAY.gr;228752;67003;140672;157715;199;0.0477;0.49;10124
NAMOA_LAZY;BAY.gr;29793;6330;29293;30254;136;0.0063;0.07;1186
NAMOA_LAZY;BAY.gr;2928;2371;4024847;4574080;2120;5.8847;6.24;129075
NAMOA_LAZY;BAY.gr;52214;21428;415092;448354;358;0.1717;0.63;12923
NAMOA_LAZY;BAY.gr;185756;71369;70978;76696;248;0.0295;0.18;3616
NAMOA_LAZY;BAY.gr;243931;56621;1142884;1265956;664;0.8089;2.38;49344
NAMOA_LAZY;BAY.gr;66261;4940;57355;61565;326;0.0136;0.12;2119
NAMOA_LAZY;BAY.gr;236554;11497;939884;1049415;588;0.5620;1.90;39197
NAMOA_LAZY;BAY.gr;199782;166480;19122;20678;183;0.0042;0.08;1412
NAMOA_LAZY;BAY.gr;288357;196566;4000101;4560739;2919;11.7148;3.43;70881
NAMOA_LAZY;BAY.gr;277117;117772;773825;869690;1188;0.5235;0.65;13477
NAMOA_LAZY;BAY.gr;149235;84792;3492480;3969498;4287;6.8574;2.11;43079
NAMOA_LAZY;BAY.gr;308261;220074;68811;74277;348;0.0206;0.12;2318
NAMOA_LAZY;BAY.gr;148387;48733;1978255;2175370;2754;2.6558;2.09;42528
NAMOA_LAZY;BAY.gr;178119;57350;500483;558251;752;0.3309;0.81;16572
NAMOA_LAZY;BAY.gr;66994;11621;116430;133493;386;0.0390;0.52;10577
NAMOA_LAZY;BAY.gr;167759;27652;1109481;1298315;1799;0.6240;2.04;42028
NAMOA_LAZY;BAY.gr;92808;72374;70802;82874;329;0.0166;0.17;3494
NAMOA_LAZY;BAY.gr;139741;124573;290034;342375;1254;0.1386;0.69;13977
NAMOA_LAZY;BAY.gr;249323;212817;65327;72336;288;0.0175;0.29;5710
NAMOA_LAZY;BAY.gr;318825;256290;2883204;3113695;1625;3.4135;3.33;68980
NAMOA_LAZY;BAY.gr;92787;50479;95267;107414;417;0.0216;0.20;3895
NAMOA_LAZY;BAY.gr;306341;242646;237985;252531;425;0.1266;0.34;6820
NAMOA_LAZY;BAY.gr;52090;26054;272151;298433;604;0.0905;0.49;9665
NAMOA_LAZY;BAY.gr;97957;69910;259967;284259;591;0.0784;0.60;12039
NAMOA_LAZY;BAY.gr;187413;179580;89501;102705;506;0.0263;0.22;4227
NAMOA_LAZY;BAY.gr;189990;175263;9570949;10502719;3717;26.6024;8.25;169915
NAMOA_LAZY;BAY.gr;163803;28205;3864684;4542004;2624;5.9072;4.68;96426
NAMOA_LAZY;BAY.gr;307080;276879;1572612;1697634;1763;1.9087;1.75;35677
NAMOA_LAZY;BAY.gr;171399;11563;1068212;1174831;2041;0.6938;2.18;44023
NAMOA_LAZY;BAY.gr;310361;88205;10214511;11809395;9253;36.3207;10.82;222965
NAMOA_LAZY;BAY.gr;193415;108461;130724935;145478427;10968;617.7749;78.87;1636077
NAMOA_LAZY;BAY.gr;144062;83404;2360267;2738976;2056;2.2458;2.25;44822
NAMOA_LAZY;BAY.gr;72578;4981;78825;89178;861;0.0265;0.18;3152
NAMOA_LAZY;BAY.gr;119073;19025;49616285;54925710;7927;459.5270;34.09;707077
NAMOA_LAZY;BAY.gr;316612;205762;35383371;41110228;6209;209.9720;31.77;659883
NAMOA_LAZY;BAY.gr;92938;18910;20432507;23517324;8945;43.4349;30.57;633833
NAMOA_LAZY;BAY.gr;194659;186161;7523805;8434312;6046;18.7014;7.85;161655
NAMOA_LAZY;BAY.gr;156836;15314;86021754;96631086;21972;909.0508;83.79;1735778
NAMOA_LAZY;BAY.gr;239615;94617;12163517;13783473;14314;24.7166;14.54;298359
NAMOA_LAZY;BAY.gr;290024;214562;626489241;693258228;20972;9613.5907;302.45;6289741
NAMOA_LAZY;BAY.gr;90978;72589;1156279;1418237;1502;0.7624;1.96;40451
NAMOA_LAZY;BAY.gr;156851;39269;114040281;128709357;47958;1352.0474;85.04;1762868
NAMOA_LAZY;BAY.gr;285216;216916;621890897;685435334;21553;12590.9945;235.56;4895878
NAMOA_LAZY;BAY.gr;52094;25848;504281;546648;1343;0.2277;0.80;15592
NAMOA_LAZY;BAY.gr;209553;102111;6187717;7188401;3436;9.6197;10.00;207176
NAMOA_LAZY;BAY.gr;212638;45702;19906563;22417123;12662;69.1755;13.44;278645
NAMOA_LAZY;BAY.gr;208540;92248;2001163;2305580;2401;1.7757;6.82;140942
NAMOA_LAZY;BAY.gr;160444;60380;2471739;2790904;4160;4.4110;3.49;72109
NAMOA_LAZY;BAY.gr;149113;41117;9296646;10772044;6429;20.1162;17.25;357286
NAMOA_LAZY;BAY.gr;99065;82082;77983338;87490027;29534;690.0300;56.27;1159688
NAMOA_LAZY;BAY.gr;136798;12346;18386253;21477566;12693;54.6695;29.16;602551
NAMOA_LAZY;BAY.gr;195140;6575;1233652;1450775;6076;1.0370;2.93;57256
NAMOA_LAZY;BAY.gr;57367;28144;941267;1010163;1898;0.4520;1.11;22082
NAMOA_LAZY;BAY.gr;209588;118080;453917649;509249651;28799;3483.1876;194.06;4034543
NAMOA_LAZY;BAY.gr;71894;3935;385457;430358;1677;0.1300;0.59;11434
NAMOA_LAZY;BAY.gr;116120;12233;209924080;233716605;37127;3286.4931;126.08;2611761
NAMOA_LAZY;BAY.gr;249447;94767;4773570;5512152;3948;4.5381;7.57;156339
NAMOA_LAZY;BAY.gr;299423;213768;60188031;66441938;7939;217.0704;63.43;1317736
NAMOA_LAZY;BAY.gr;310260;198977;19220602;22533400;12487;107.1912;17.25;354048
NAMOA_LAZY;BAY.gr;251479;97054;6677726;7593143;5957;8.3459;8.96;183993
NAMOA_LAZY;BAY.gr;41348;5213;473533;538544;2850;0.2093;0.68;13095
NAMOA_LAZY;BAY.gr;281926;249052;71279892;85438539;14401;859.3179;76.93;1598082
NAMOA_LAZY;BAY.gr;78138;33928;108125287;121936219;32748;943.1350;87.47;1804553
NAMOA_LAZY;BAY.gr;126719;51366;4776478;5418538;5037;5.3934;4.12;84384
NAMOA_LAZY;BAY.gr;96799;75794;7029080;7769938;3224;6.6787;15.39;319722
NAMOA_LAZY;BAY.gr;75806;33672;933305;1041208;4117;0.4312;1.36;26386
NAMOA_LAZY;BAY.gr;284070;249119;73133155;84323466;12007;369.0159;33.29;691491
NAMOA_LAZY;BAY.gr;178011;4707;6796576;7570206;10028;9.9565;6.43;131044
NAMOA_LAZY;BAY.gr;149392;26723;102675707;117107567;26185;1128.3549;97.45;2021344
NAMOA_LAZY;BAY.gr;111947;1238;120123992;133953415;27910;1524.7998;86.11;1776661
NAMOA_LAZY;BAY.gr;218240;142604;354294003;403394221;50263;6961.3577;251.49;5214912
NAMOA_LAZY;BAY.gr;247154;155024;87328388;99487613;22492;776.9281;106.26;2200555
NAMOA_LAZY;BAY.gr;221762;156615;332770030;376143047;59208;4967.6123;253.84;5255641
NAMOA_LAZY;BAY.gr;289025;71824;32088440;37687234;17310;86.2727;34.34;712020
NAMOA_LAZY;BAY.gr;292371;64499;5793417;6611313;8769;4.9093;8.61;177507
NAMOA_LAZY;BAY.gr;231257;156701;387664520;437849271;61884;5513.8667;307.30;6359217
NAMOA_LAZY;BAY.gr;258590;118930;712191807;804325767;63201;15449.9561;467.73;9709230
NAMOA_LAZY;BAY.gr;161430;157447;64287159;72161646;26825;201.5986;47.84;987962
NAMOA_LAZY;BAY.gr;198013;155151;264418331;303963992;49923;1321.0564;173.40;3595534
NAMOA_LAZY;COL.gr;50111;49089;26;27;1;0.0000;0.01;15
NAMOA_LAZY;COL.gr;293316;177760;271;290;2;0.0001;0.01;62
NAMOA_LAZY;COL.gr;5865;5742;1178;1312;31;0.0003;0.02;237
NAMOA_LAZY;COL.gr;35324;28591;964;993;24;0.0002;0.01;114
NAMOA_LAZY;COL.gr;229442;222699;604;658;22;0.0001;0.01;162
NAMOA_LAZY;COL.gr;74303;55718;13706;14474;53;0.0029;0.05;960
NAMOA_LAZY;COL.gr;328460;14760;22047;22998;172;0.0054;0.06;1100
NAMOA_LAZY;COL.gr;7095;4357;710;751;15;0.0001;0.01;65
NAMOA_LAZY;COL.gr;159195;9804;945457;1058607;1510;0.9690;1.04;20829
NAMOA_LAZY;COL.gr;212304;63475;18041;19722;87;0.0043;0.04;615
NAMOA_LAZY;COL.gr;154067;26786;187551;208535;276;0.0513;0.47;9585
NAMOA_LAZY;COL.gr;295203;175028;14145;14721;91;0.0026;0.06;1125
NAMOA_LAZY;COL.gr;229802;67391;405945;445122;614;0.2075;0.27;4932
NAMOA_LAZY;COL.gr;301670;183608;768559;824501;1006;0.5612;1.32;26964
NAMOA_LAZY;COL.gr;5376;4749;2111;2231;42;0.0005;0.03;435
NAMOA_LAZY;COL.gr;231979;181403;12084;13006;47;0.0024;0.04;599
NAMOA_LAZY;COL.gr;235867;140141;1477604;1589578;1584;1.9109;1.88;37901
NAMOA_LAZY;COL.gr;109057;20386;28729;31871;55;0.0054;0.04;693
NAMOA_LAZY;COL.gr;224980;61110;281053;313903;461;0.1095;0.96;19646
NAMOA_LAZY;COL.gr;280357;24718;25407989;28986054;5944;63.2243;31.75;660022
NAMOA_LAZY;COL.gr;60760;35471;1110153;1316798;1897;1.0316;1.10;21847
NAMOA_LAZY;COL.gr;74054;24033;61172;65224;458;0.0147;0.11;1987
NAMOA_LAZY;COL.gr;23020;14483;206094;243801;645;0.1061;0.76;15574
NAMOA_LAZY;COL.gr;101495;62282;548160;620535;700;0.2446;1.34;27698
NAMOA_LAZY;COL.gr;184467;110561;700594;795851;894;0.3949;1.48;30561
NAMOA_LAZY;COL.gr;28905;7182;290486;363040;731;0.1550;2.72;55898
NAMOA_LAZY;COL.gr;103773;72033;2692980;2977563;2314;2.7741;2.02;41327
NAMOA_LAZY;COL.gr;249036;198382;13397415;15014438;9089;109.5360;12.49;257950
NAMOA_LAZY;COL.gr;179907;58266;204937;215818;411;0.0907;0.49;10067
NAMOA_LAZY;COL.gr;371598;88619;569433;624294;2121;0.4567;0.79;15656
NAMOA_LAZY;COL.gr;9658;2065;25249;26524;328;0.0054;0.10;1907
NAMOA_LAZY;COL.gr;115636;14857;176645;195136;512;0.0496;0.18;3441
NAMOA_LAZY;COL.gr;127826;59830;143902;155756;299;0.0500;0.40;8229
NAMOA_LAZY;COL.gr;164574;119069;102249;107654;331;0.0281;0.20;3866
NAMOA_LAZY;COL.gr;288095;110566;629276;674154;754;0.2640;1.56;32210
NAMOA_LAZY;COL.gr;224950;195156;1851762;2086493;1913;2.4423;1.93;38987
NAMOA_LAZY;COL.gr;399615;109409;116220;131181;539;0.0333;0.62;12727
NAMOA_LAZY;COL.gr;57720;26163;165899;190550;1221;0.0554;0.36;7147
NAMOA_LAZY;COL.gr;274900;59140;337059310;377767124;76513;4136.2180;116.34;2417022
NAMOA_LAZY;COL.gr;283554;219983;1292610;1379593;2150;1.2613;2.28;46564
NAMOA_LAZY;COL.gr;322166;245074;1068537;1139778;1345;0.5076;1.29;25580
NAMOA_LAZY;COL.gr;336435;37030;29361269;32166246;19277;158.7751;17.18;350113
NAMOA_LAZY;COL.gr;292067;40497;5409632;5633461;5369;17.8263;6.12;125021
NAMOA_LAZY;COL.gr;231836;6863;674308;771724;1900;0.4456;2.25;45815
NAMOA_LAZY;COL.gr;400653;825;2308902;2646256;1309;2.0411;2.44;50361
NAMOA_LAZY;COL.gr;360235;234278;34286279;37857222;18219;191.0568;27.54;565803
NAMOA_LAZY;COL.gr;344377;204836;835085;887718;1976;1.1941;0.98;19886
NAMOA_LAZY;COL.gr;22778;12768;456488;535168;1817;0.2461;2.93;59743
NAMOA_LAZY;COL.gr;172154;8619;681153;726630;1154;0.4811;1.70;34917
NAMOA_LAZY;COL.gr;367726;59995;81191131;93855295;22373;631.9849;41.59;860594
NAMOA_LAZY;COL.gr;158156;74646;2487309;2776721;2234;2.0136;3.70;76067
NAMOA_LAZY;COL.gr;129444;85601;3494117;3829435;1901;9.3072;3.65;75161
NAMOA_LAZY;COL.gr;251380;20644;29825065;33060009;12916;100.4979;32.60;668909
NAMOA_LAZY;COL.gr;86202;8908;284353794;320004026;50115;2090.0005;151.74;3152270
NAMOA_LAZY;COL.gr;186710;9983;4539758;4980166;3866;5.2152;5.80;118571
NAMOA_LAZY;COL.gr;182635;125046;1483829;1596726;2681;1.4422;3.12;64236
NAMOA_LAZY;COL.gr;100205;78945;66141054;74257690;10485;223.9261;19.66;405759
NAMOA_LAZY;COL.gr;167948;80303;2555360;2765141;6875;1.7204;6.66;134930
NAMOA_LAZY;COL.gr;310052;93518;5097650;5531451;3201;8.1434;6.20;126394
NAMOA_LAZY;COL.gr;180449;17859;9913216;10731405;19527;19.3988;13.53;268128
NAMOA_LAZY;COL.gr;325228;167627;10500601;11466426;11704;36.8220;10.59;215635
NAMOA_LAZY;COL.gr;82695;9385;601368063;683714377;87932;4497.6135;323.94;6722084
NAMOA_LAZY;COL.gr;248760;45420;60728684;67139779;21004;1422.3264;62.15;1275734
NAMOA_LAZY;COL.gr;361053;34794;8188615;9388473;2994;7.5826;8.88;184261
NAMOA_LAZY;COL.gr;348292;274724;91018857;103809892;17676;919.6982;42.14;869302
NAMOA_LAZY;COL.gr;395886;75394;52602854;56447810;23469;402.2715;35.40;726676
NAMOA_LAZY;COL.gr;402667;304158;89152625;95214218;28009;899.0819;76.55;1572224
NAMOA_LAZY;COL.gr;286310;86824;3367583;3639068;7647;3.9347;5.69;116264
NAMOA_LAZY;COL.gr;292938;56605;8299655;8964928;6789;12.1880;11.56;238006
NAMOA_LAZY;COL.gr;269913;145027;341125736;400182241;38525;3723.4129;158.55;3289603
NAMOA_LAZY;COL.gr;399805;156802;7614369;8880318;16765;9.9777;11.22;231237
NAMOA_LAZY;COL.gr;187752;40205;25213406;27137179;20011;171.9619;18.48;375971
NAMOA_LAZY;COL.gr;98108;82930;168126733;187120926;35823;841.8651;62.30;1287869
NAMOA_LAZY;COL.gr;84294;48605;6549464;7209403;6642;11.7559;8.49;172416
NAMOA_LAZY;COL.gr;250633;11610;13246123;14682258;18898;44.0590;29.58;602690
NAMOA_LAZY;COL.gr;356445;11612;12258375;13104127;17858;41.0478;18.37;375169
NAMOA_LAZY;COL.gr;241390;88362;18767830;20352702;19365;40.2962;18.70;370895
NAMOA_LAZY;COL.gr;215821;140819;109475129;124942004;18645;407.8883;99.64;2068625
NAMOA_LAZY;COL.gr;80189;73868;129592642;149234592;19544;362.9617;133.49;2769718
NAMOA_LAZY;COL.gr;178963;145373;12643294;13668720;9201;19.8296;6.02;119699
NAMOA_LAZY;COL.gr;380430;137709;173370454;202682987;42995;1607.2926;123.37;2542515
NAMOA_LAZY;COL.gr;53861;43106;56425931;62034362;19598;598.5633;35.69;731379
NAMOA_LAZY;COL.gr;380454;270619;497380026;559096233;59359;7216.2076;186.56;3846222
NAMOA_LAZY;COL.gr;172574;146001;7535451;8083098;9008;9.1072;6.59;129594
NAMOA_LAZY;COL.gr;262584;179250;139692172;157173844;19880;549.2861;75.99;1576485
NAMOA_LAZY;COL.gr;364598;267844;315691834;355207395;55564;3476.2800;155.65;3231669
NAMOA_LAZY;COL.gr;83890;72079;18698348;21053722;9171;28.3546;25.51;527891
NAMOA_LAZY;COL.gr;391095;331004;765530159;876326009;111858;15792.8514;373.68;7733405
NAMOA_LAZY;COL.gr;240641;228824;154043735;166545736;72854;1046.4765;87.20;1753547
NAMOA_LAZY;COL.gr;310174;281006;687932305;770656846;79009;16098.7802;343.81;7131350
NAMOA_LAZY;COL.gr;236120;188825;838038351;968712242;83362;13060.4132;326.09;6724501
NAMOA_LAZY;COL.gr;291579;155272;351546025;382265453;103551;3395.7737;186.54;3804742
NAMOA_LAZY;COL.gr;318136;282623;987847834;1103117783;117233;12248.4563;440.52;9144797
NAMOA_LAZY;COL.gr;265512;247328;519208014;575395345;121666;6859.0893;154.29;3109820
NAMOA_LAZY;COL.gr;411039;190039;613640180;687977540;144586;7887.8808;305.30;6288481
NAMOA_LAZY;COL.gr;240590;136018;542667082;601870944;136408;6050.4755;203.58;4110479
NAMOA_LAZY;FLA.xy;10900;3033;157;164;3;0.0000;0.01;35
NAMOA_LAZY;FLA.xy;8571;8378;92;101;5;0.0000;0.01;27
NAMOA_LAZY;FLA.xy;9897;5040;4334;4452;23;0.0009;0.03;388
NAMOA_LAZY;FLA.xy;10825;3463;2955;3013;54;0.0005;0.04;614
NAMOA_LAZY;FLA.xy;206141;166263;4987054;5319214;7439;13.2670;5.15;105181
NAMOA_LAZY;FLA.xy;50334;45576;4506;4778;59;0.0012;0.03;481
NAMOA_LAZY;FLA.xy;687643;61826;133998;143461;944;0.0486;0.28;5631
NAMOA_LAZY;FLA.xy;606459;124414;5415;5538;81;0.0010;0.04;689
NAMOA_LAZY;FLA.xy;627321;120869;436488;485353;908;0.2253;1.30;26610
NAMOA_LAZY;FLA.xy;605429;600349;12292;13123;201;0.0027;0.10;1726
NAMOA_LAZY;FLA.xy;867091;410235;42591;45001;271;0.0139;0.12;2432
NAMOA_LAZY;FLA.xy;820143;513313;49856;55694;246;0.0129;0.35;7001
NAMOA_LAZY;FLA.xy;499642;23309;227361;253859;249;0.0804;0.64;13197
NAMOA_LAZY;FLA.xy;857301;297248;99138;112209;358;0.0348;0.43;8695
NAMOA_LAZY;FLA.xy;384447;173219;662407;717425;558;0.2885;7.01;145556
NAMOA_LAZY;FLA.xy;358566;312206;1995398;2148731;5353;2.2503;2.01;40469
NAMOA_LAZY;FLA.xy;47126;8703;9077573;9825663;11802;22.6458;34.90;722815
NAMOA_LAZY;FLA.xy;720405;303625;6927323;7975701;3677;12.0244;4.02;81728
NAMOA_LAZY;FLA.xy;444215;331610;1066606;1172572;1855;0.7933;2.71;54752
NAMOA_LAZY;FLA.xy;695992;332169;943084;1050973;1208;0.8421;1.86;38004
NAMOA_LAZY;FLA.xy;383563;209908;49361784;56928434;17048;235.0385;42.50;879482
NAMOA_LAZY;FLA.xy;509365;313900;19982823;23650130;6762;61.3823;59.92;1242834
NAMOA_LAZY;FLA.xy;873848;248056;63819066;67568650;27522;1014.3428;47.49;969671
NAMOA_LAZY;FLA.xy;217479;160345;129765999;140325882;34006;1348.5733;86.81;1798600
NAMOA_LAZY;FLA.xy;516482;405908;399541774;454494163;69129;4349.0543;315.25;6540045
NAMOA_LAZY;FLA.xy;239484;93262;105349673;116120766;10227;447.3771;56.92;1183549
NAMOA_LAZY;FLA.xy;376708;237965;17034275;19734236;5592;31.7404;23.28;483734
NAMOA_LAZY;FLA.xy;82914;70592;23231610;26292405;7360;80.2616;18.50;383639
NAMOA_LAZY;FLA.xy;533108;226540;81931344;89847839;37230;671.9435;54.57;1127887
NAMOA_LAZY;FLA.xy;587503;227495;57751286;68749107;4936;194.2437;20.27;419871
NAMOA_LAZY;FLA.xy;134166;107076;3240554;3578584;3854;3.8033;3.74;76453
NAMOA_LAZY;FLA.xy;642433;240556;2853160;3289095;3249;3.9731;5.91;121770
NAMOA_LAZY;FLA.xy;323601;241436;152795331;171279469;18466;1953.0414;61.85;1280865
NAMOA_LAZY;FLA.xy;576266;141956;13498676;15772072;3902;31.5679;28.46;591513
NAMOA_LAZY;FLA.xy;267311;22031;13479309;14821283;11502;21.3467;12.89;261159
NAMOA_LAZY;FLA.xy;781465;198589;49631768;56702640;20015;540.7026;45.48;939122
NAMOA_LAZY;FLA.xy;605762;61379;31342567;38325912;4653;52.4632;40.47;841561
NAMOA_LAZY;FLA.xy;1044694;888428;8886363;9997233;11999;16.7844;9.79;197352
NAMOA_LAZY;FLA.xy;983497;526100;20530920;23537753;17546;87.8587;20.33;419960
NAMOA_LAZY;FLA.xy;705521;216888;34547403;38709008;22545;149.6994;42.29;867827
NAMOA_LAZY;FLA.xy;30799;25256;6019697;6554148;6266;12.3861;10.40;213782
NAMOA_LAZY;FLA.xy;641477;107584;23788155;25713456;4624;76.0383;25.30;524751
NAMOA_LAZY;FLA.xy;801855;556466;114983533;129942796;32844;929.5553;112.68;2328999
NAMOA_LAZY;FLA.xy;267492;106078;15674445;17303771;6267;36.1559;15.04;312368
NAMOA_LAZY;FLA.xy;528295;17455;3206453;3472340;5027;3.1845;4.84;97979
NAMOA_LAZY;FLA.xy;960447;932719;46506781;52859312;18987;330.9409;62.03;1281587
NAMOA_LAZY;FLA.xy;367766;281136;75999412;87844958;11123;280.9465;83.88;1743832
NAMOA_LAZY;FLA.xy;487885;359013;11149751;12484920;10503;26.5480;15.11;308942
NAMOA_LAZY;FLA.xy;650361;206859;149954451;165377732;30297;1211.3004;90.85;1883929
NAMOA_LAZY;FLA.xy;359126;19709;11028875;12157296;23461;38.8026;20.19;411483
NAMOA_LAZY;FLA.xy;668494;227899;37746351;41587902;28843;214.2642;36.74;761880
NAMOA_LAZY;FLA.xy;1045430;412588;468080207;514303341;113705;11555.7386;251.04;5189740
NAMOA_LAZY;FLA.xy;76809;20895;41958045;47231428;34059;151.6196;164.27;3409298
NAMOA_LAZY;FLA.xy;250865;151437;449176869;498440760;121169;5341.4543;299.19;6201966
NAMOA_LAZY;FLA.xy;885318;500282;13319535;14980754;8306;21.1315;22.27;461242
NAMOA_LAZY;FLA.xy;469272;31547;6347217;7095272;4829;10.9184;5.99;123743
NAMOA_LAZY;FLA.xy;984467;751413;419281386;468190129;39880;6677.9371;357.22;7433552
NAMOA_LAZY;FLA.xy;770724;185893;31558518;36005387;10667;117.4152;31.02;639900
NAMOA_LAZY;FLA.xy;459579;49290;466023321;525640959;62197;8879.4858;311.28;6453298
NAMOA_LAZY;FLA.xy;1053479;225130;152384405;169770019;64128;1157.3011;313.94;6501331
NAMOA_LAZY;FLA.xy;576244;225840;575787412;656413869;40555;10802.5581;319.55;6652586
NAMOA_LAZY;FLA.xy;369613;176204;547256407;610558951;88878;11709.8455;280.22;5795875
NAMOA_LAZY;FLA.xy;454535;57107;185591472;208991859;78115;2798.8216;107.11;2187184
NAMOA_LAZY;FLA.xy;882938;344102;660316150;735027833;157640;8620.9930;506.65;10496628
NAMOA_LAZY;FLA.xy;189146;12299;131900322;148818685;36307;1301.9906;81.49;1680926
NAMOA_LAZY;FLA.xy;485323;139495;79719191;89040193;25356;479.8892;74.52;1538879
NAMOA_LAZY;FLA.xy;610717;197955;810354451;928199914;101266;11258.8272;421.61;8725382
NAMOA_LAZY;FLA.xy;531914;190651;584458829;658882507;80940;8773.4710;266.56;5512819
NAMOA_LAZY;FLA.xy;385879;250187;844685246;949655921;156994;12890.6002;986.12;20413800
NAMOA_LAZY;FLA.xy;366987;109819;932736268;1051237366;255291;11264.7095;1344.18;27912532
NAMOA_LAZY;FLA.xy;790338;754195;467853889;530257301;61908;5235.7480;264.55;5491149
NAMOA_LAZY;FLA.xy;58109;34060;1190309272;1347784655;154927;15903.8269;650.19;13482527
NAMOA_LAZY;LKS.xy;3267;3117;97;105;2;0.0000;0.01;34
NAMOA_LAZY;LKS.xy;202083;106118;68650;75423;156;0.0367;0.12;2110
NAMOA_LAZY;LKS.xy;1941791;785068;736085;789576;2480;0.9246;1.65;33057
NAMOA_LAZY;LKS.xy;58633;42574;678551;747717;2455;0.3709;2.76;55849
NAMOA_LAZY;LKS.xy;1060171;1051336;718746;816012;986;0.4427;0.84;16900
NAMOA_LAZY;LKS.xy;1867756;531496;50889076;55228421;5790;431.3563;18.69;387226
NAMOA_LAZY;LKS.xy;133485;78688;651681;702478;1133;0.5805;2.61;53854
NAMOA_LAZY;LKS.xy;1234490;1170979;8151725;8960757;8089;13.1911;7.02;144134
NAMOA_LAZY;LKS.xy;530301;294672;173097114;201492059;19085;1463.4054;159.51;3316809
NAMOA_LAZY;LKS.xy;199742;106581;2224111;2459916;3421;2.0350;4.53;92880
NAMOA_LAZY;LKS.xy;192542;175992;6236221;7224170;5887;10.9767;15.77;324819
NAMOA_LAZY;LKS.xy;379921;293336;1322198;1512744;1891;0.8682;1.15;22907
NAMOA_LAZY;LKS.xy;1426479;302886;135730345;148211342;21880;1090.0367;108.61;2245282
NAMOA_LAZY;LKS.xy;2178250;2118497;44564833;51855830;24647;215.8637;58.83;1217908
NAMOA_LAZY;LKS.xy;2024599;991649;21071997;22661151;8552;80.4081;24.79;510754
NAMOA_LAZY;LKS.xy;1206505;1000051;124899702;137765541;22556;1698.8647;72.84;1499311
NAMOA_LAZY;LKS.xy;2637311;1089053;17912583;19582410;10850;92.5647;17.70;363929
NAMOA_LAZY;LKS.xy;1978702;1024519;70953793;78163352;26053;679.1748;65.18;1344316
NAMOA_LAZY;LKS.xy;207870;3618;81999740;89739142;13416;408.4443;55.98;1158977
NAMOA_LAZY;LKS.xy;1173601;279572;867810604;989305714;104865;15102.7905;327.09;6779086
NAMOA_LAZY;LKS.xy;54214;28510;102369805;111938301;21016;913.4728;51.67;1062140
NAMOA_LAZY;LKS.xy;106531;37675;742507960;840263389;81544;14873.9791;364.79;7559606
NAMOA_LAZY;LKS.xy;2370841;2350395;266245520;295981312;59312;2050.2654;359.89;7461968
NAMOA_LAZY;LKS.xy;2705510;2553103;303099729;333720974;114046;4140.8859;266.18;5487827
NAMOA_LAZY;LKS.xy;2385534;1936182;194118296;217446087;49904;1022.3534;166.97;3462490
NAMOA_LAZY;LKS.xy;2676950;991733;540903332;601337629;179954;7695.0800;499.63;10335375
NAMOA_LAZY;LKS.xy;2538769;2027873;378229935;407638778;56302;4462.2070;139.72;2870852
NAMOA_LAZY;LKS.xy;2554624;2049730;312489664;342685058;93621;3688.2716;226.11;4656087
NAMOA_LAZY;LKS.xy;127421;8464;798523237;884731017;202013;10103.9080;310.20;6356193
NAMOA_LAZY;NE.gr;30908;28855;2262;2394;34;0.0005;0.02;201
NAMOA_LAZY;NE.gr;973306;971962;6188;6792;167;0.0014;0.04;606
NAMOA_LAZY;NE.gr;93717;36933;109645;126084;235;0.0379;0.48;9803
NAMOA_LAZY;NE.gr;304256;120708;128760;133448;419;0.0368;0.25;4986
NAMOA_LAZY;NE.gr;1096890;869646;35822;39735;138;0.0083;0.11;1950
NAMOA_LAZY;NE.gr;814428;688911;437697;479262;779;0.3096;0.64;13053
NAMOA_LAZY;NE.gr;197053;27191;380856;418016;794;0.1787;0.60;12138
NAMOA_LAZY;NE.gr;147797;60713;3716752;4040998;10292;5.2141;4.64;92336
NAMOA_LAZY;NE.gr;16478;2119;73387;79685;353;0.0182;0.25;5131
NAMOA_LAZY;NE.gr;58623;17728;1479250;1608504;2275;1.4338;2.28;46530
NAMOA_LAZY;NE.gr;1465868;987252;7145581;8095846;5834;8.4125;9.43;193997
NAMOA_LAZY;NE.gr;252747;100890;2789069;3116598;1677;2.3644;6.56;135977
NAMOA_LAZY;NE.gr;461316;387312;3076600;3482131;3993;4.5560;5.05;103642
NAMOA_LAZY;NE.gr;947885;713288;16645232;19258263;5334;57.7793;20.59;427181
NAMOA_LAZY;NE.gr;1044455;625838;28442963;31665099;16611;130.6127;33.24;682288
NAMOA_LAZY;NE.gr;157606;52153;107399356;116651733;10888;946.2370;43.93;909892
NAMOA_LAZY;NE.gr;58752;44905;2231915;2482846;2795;1.4042;3.00;61815
NAMOA_LAZY;NE.gr;908310;458037;61251350;67254792;21118;284.8456;52.92;1091978
NAMOA_LAZY;NE.gr;594977;556355;758625;789699;2196;0.4674;1.00;19262
NAMOA_LAZY;NE.gr;318687;198549;5733921;6452078;5114;7.5378;8.04;166092
NAMOA_LAZY;NE.gr;468090;403800;876694;1079522;2881;0.4726;3.72;76493
NAMOA_LAZY;NE.gr;193727;62728;9353399;10465996;4648;16.2945;19.69;408793
NAMOA_LAZY;NE.gr;96316;69932;1395909;1561188;2647;1.0752;3.11;63219
NAMOA_LAZY;NE.gr;47568;17194;3034016;3376575;3422;2.1067;6.54;133708
NAMOA_LAZY;NE.gr;303236;16966;3062024;3392303;2773;2.4230;5.61;115624
NAMOA_LAZY;NE.gr;1244329;1232333;21984786;24688539;12069;58.2699;19.61;401477
NAMOA_LAZY;NE.gr;953752;552066;9234068;10004395;4144;14.0754;7.63;156633
NAMOA_LAZY;NE.gr;188767;144985;3457076;3762493;5432;4.7331;6.43;131520
NAMOA_LAZY;NE.gr;1038409;234944;23508470;26661856;9672;69.1582;48.56;1008024
NAMOA_LAZY;NE.gr;1299613;352767;15431692;17782554;10930;26.1817;25.28;520810
NAMOA_LAZY;NE.gr;26150;17911;5470406;6137371;5040;7.1229;13.10;270962
NAMOA_LAZY;NE.gr;287401;29997;6449920;6983164;5587;14.7854;14.25;293261
NAMOA_LAZY;NE.gr;938153;454356;17258399;19362187;4286;48.3260;21.82;452638
NAMOA_LAZY;NE.gr;602564;475064;14170446;15187531;8456;23.9547;13.70;283370
NAMOA_LAZY;NE.gr;1080955;673793;11800151;12861468;8090;16.7953;7.32;150247
NAMOA_LAZY;NE.gr;1226319;840687;43060080;52616435;23745;134.4110;51.96;1072546
NAMOA_LAZY;NE.gr;1453625;1099729;87417896;100211822;38743;415.8754;81.47;1681126
NAMOA_LAZY;NE.gr;1218725;914052;2806374;3150480;2155;2.1887;8.89;183625
NAMOA_LAZY;NE.gr;140598;34304;4031668;4370984;12108;3.5981;2.81;49776
NAMOA_LAZY;NE.gr;1460542;1227349;36282198;43416829;21798;165.5312;28.09;573963
NAMOA_LAZY;NE.gr;1272814;1082054;81110763;100836390;13858;275.9631;153.08;3187008
NAMOA_LAZY;NE.gr;1245268;1052216;140768237;170671011;33743;1468.1169;145.75;3015361
NAMOA_LAZY;NE.gr;1384120;1140142;267867346;308761379;32091;1298.3423;249.21;5182240
NAMOA_LAZY;NE.gr;988592;885661;95283129;107916800;60315;660.9184;91.01;1872000
NAMOA_LAZY;NE.gr;614988;580629;224539901;253856367;73784;1440.8854;404.33;8398985
NAMOA_LAZY;NE.gr;1504399;1260904;53484039;58324335;41768;254.6593;45.71;933732
NAMOA_LAZY;NE.gr;354935;97508;247200432;278544775;26534;1589.4284;383.99;7988104
NAMOA_LAZY;NE.gr;932566;16960;354848890;405647337;98917;3942.9243;191.98;3969805
NAMOA_LAZY;NE.gr;179054;9471;279640237;315969497;38048;3126.8778;268.82;5590690
NAMOA_LAZY;NE.gr;469995;91155;456481586;545764291;53495;3834.7436;535.35;11132842
NAMOA_LAZY;NE.gr;1217655;16147;221623361;278602499;32574;1137.5548;238.46;4960543
NAMOA_LAZY;NE.gr;1521290;510693;390506183;466567721;58261;3901.0774;541.03;11249603
NAMOA_LAZY;NE.gr;456097;264832;488963066;567180972;33750;4596.6886;604.28;12575608
NAMOA_LAZY;NE.gr;1044784;690995;257043970;289046248;98060;2036.3130;282.56;5865305
NAMOA_LAZY;NE.gr;1152991;470689;582915530;689123502;48764;4407.2116;532.99;11083535
NAMOA_LAZY;NE.gr;739322;340606;628521897;710692913;48828;5853.0877;540.22;11231313
NAMOA_LAZY;NE.gr;765156;658;161605905;186781099;47073;571.1170;255.47;5299654
NAMOA_LAZY;NE.gr;823473;314913;185037425;213793727;25190;919.6307;307.30;6387943
NAMOA_LAZY;NE.gr;1043422;542566;296643820;336907131;49503;3299.4392;314.18;6530299
NAMOA_LAZY;NE.gr;755899;229358;716445486;812747348;58230;7015.8240;594.81;12366077
NAMOA_LAZY;NE.gr;852559;316093;687317217;841224166;56133;7177.6404;980.74;20403200
NAMOA_LAZY;NE.gr;382908;48625;272563956;317023368;52029;2052.6034;312.98;6500049
NAMOA_LAZY;NE.gr;1361676;144371;940198851;1034281592;147541;8554.2556;541.14;11235763
NAMOA_LAZY;NE.gr;495242;307475;963630809;1096550971;64942;15590.8093;615.79;12809657
NAMOA_LAZY;NE.gr;647169;245523;396022939;461111410;73498;2640.4280;472.15;9808262
NAMOA_LAZY;NE.gr;1124916;609726;160650982;177219019;57684;1039.1853;203.49;4217923
NAMOA_LAZY;NE.gr;223931;88583;495748223;587229661;79710;4610.0117;624.38;12968820
NAMOA_LAZY;NE.gr;1156333;608219;304439462;336150051;73687;2601.9827;332.30;6897050
NAMOA_LAZY;NE.gr;351241;153008;709567248;785033162;140705;5391.5476;400.50;8301253
NAMOA_LAZY;NE.gr;1368843;526532;1115893196;1282650722;146971;15969.6396;1025.37;21285882
NAMOA_LAZY;NE.gr;1208619;171856;1158486895;1340397626;62830;11099.6102;1574.67;32779532
NAMOA_LAZY;NE.gr;357506;151661;734385925;815499014;129222;6805.5912;464.85;9650707
NAMOA_LAZY;NE.gr;897868;197366;1138886016;1249981369;137955;14641.8477;461.81;9539445
NAMOA_LAZY;NE.gr;550718;322693;653303128;723693744;158843;5912.8726;351.61;7233285
NAMOA_LAZY;W.gr;2737090;3613390;916896;1001963;2176;0.4583;1.16;23753
NAMOA_LAZY;W.gr;3186963;5413115;1538856;1619690;1999;1.0141;2.21;44912
NAMOA_LAZY;W.gr;3438791;4036892;2945447;3340326;4710;2.8216;2.78;56987
NAMOA_LAZY;W.gr;203207;1224798;296835921;330215644;60606;6356.3639;174.56;3606881
NAMOA_LAZY;W.gr;119328;188346;207133955;238641921;24385;1545.7305;215.24;4477988
NAMOA_LAZY;W.gr;634042;323777;17520309;19935110;7207;24.4212;14.62;301775
NAMOA_LAZY;W.gr;2199777;768755;35983139;40241054;12255;152.7422;46.66;967696
NAMOA_LAZY;W.gr;3779891;4769853;38130317;40617065;13926;349.0350;23.74;483802
NAMOA_LAZY;W.gr;5384645;4125099;7838597;8894426;18369;15.2661;13.66;271862
NAMOA_LAZY;W.gr;5133593;3970636;605781303;669733047;65853;7832.4657;302.91;6282305
NAMOA_LAZY;W.gr;5379894;4140002;501081489;565949571;127115;6141.3224;276.86;5733643
NAMOA_LAZY;W.gr;4830840;3780441;125880390;138735309;34138;1731.4485;110.18;2265200
NAMOA_LAZY;W.gr;5207853;3730081;1211747067;1359768614;101510;11262.1419;418.42;8690140
NAMOA_LAZY;W.gr;1689718;2191918;752089041;850922906;76961;17549.8449;647.41;13454238
NAMOA_LAZY;W.gr;1204971;426644;694459365;772712514;145069;12806.9181;273.72;5659623
NAMOA_LAZY;W.gr;2952139;2586113;430258862;469233250;86776;4406.1053;167.20;3443235
NAMOA_LAZY;W.gr;2223203;2903228;956886114;1067265878;92022;10750.8430;291.01;6028893
NAMOA_LAZY;W.gr;3490720;5466334;1041748102;1145026455;259530;14751.7435;597.72;12341917
NAMOA_LAZY;E.gr;139510;1190279;39401;42629;228;0.0159;0.10;1814
NAMOA_LAZY;E.gr;3062225;3538666;88177;96381;276;0.0340;0.33;6581
NAMOA_LAZY;E.gr;2763600;959140;48663;51356;424;0.0173;0.10;1598
NAMOA_LAZY;E.gr;3056948;2878999;6390512;6963371;2707;10.0732;9.15;189420
NAMOA_LAZY;E.gr;2858430;2920724;451347;469708;570;0.3082;0.63;12637
NAMOA_LAZY;E.gr;2787372;3189811;514476;539407;751;0.4184;1.19;24271
NAMOA_LAZY;E.gr;659874;1688167;613141;666573;1241;0.3335;1.22;25113
NAMOA_LAZY;E.gr;1642551;2573642;4865076;5910668;4068;7.9128;13.12;272136
NAMOA_LAZY;E.gr;162340;1240214;540583;608615;2068;0.2462;1.31;26633
NAMOA_LAZY;E.gr;3131712;1278131;41527013;47606745;10449;134.2316;23.23;478109
NAMOA_LAZY;E.gr;3062053;519465;2520983;2726292;2581;3.4442;2.87;58128
NAMOA_LAZY;E.gr;1532960;3045827;249953359;271332967;41516;7046.2398;138.17;2856866
NAMOA_LAZY;E.gr;632013;3266584;971781;1055971;2157;0.6768;1.32;26005
NAMOA_LAZY;E.gr;1044759;1745645;6033336;6433709;5275;14.1559;5.58;112550
NAMOA_LAZY;E.gr;2843686;3024795;2928900;3140930;9470;5.4699;4.18;83363
NAMOA_LAZY;E.gr;699545;2550097;228195548;262832708;32609;2467.0847;165.28;3426100
NAMOA_LAZY;E.gr;3264971;2358865;20877599;23964067;4977;57.9948;19.81;410563
NAMOA_LAZY;E.gr;1533344;432448;35076302;37950101;11425;226.7637;64.25;1333528
NAMOA_LAZY;E.gr;2731704;646046;15045488;17875277;6007;38.7404;30.38;630597
NAMOA_LAZY;E.gr;2152549;1769723;48558524;53734645;19094;262.3056;75.57;1565422
NAMOA_LAZY;E.gr;3225309;854811;93705295;105109772;38257;541.7735;57.57;1172653
NAMOA_LAZY;E.gr;3315569;802916;157296275;168743319;45452;1198.1472;78.00;1600531
NAMOA_LAZY;E.gr;462327;3369133;59870027;64975137;29589;353.5707;52.51;1070944
NAMOA_LAZY;E.gr;2532573;1021485;358955182;402321454;46715;3570.6071;166.34;3452727
NAMOA_LAZY;E.gr;2301958;3031937;29825692;32139157;27962;75.0991;27.38;547305
NAMOA_LAZY;E.gr;2563375;3592344;17078857;18779787;7376;21.0290;38.25;792968
NAMOA_LAZY;E.gr;2688541;3256610;77770094;89918445;17010;319.7699;109.13;2266171
NAMOA_LAZY;E.gr;1124225;1757236;89357148;99480692;38895;471.3148;103.91;2156569
NAMOA_LAZY;E.gr;3428860;1118084;1360070424;1562999777;135312;17754.9702;1040.70;21596183
NAMOA_LAZY;E.gr;883841;3260412;156767598;184759284;38804;544.7223;275.82;5731726
NAMOA_LAZY;E.gr;2253418;3555026;94584608;99946731;105144;643.7707;60.44;1217914
NAMOA_LAZY;E.gr;2180520;2383996;66383084;75976785;43601;269.0989;169.13;3491531
NAMOA_LAZY;E.gr;2041678;786290;317550151;344196939;137744;3012.1745;323.23;6680710
NAMOA_LAZY;E.gr;2780457;3192627;486382752;545250641;62063;4342.0855;582.28;12097320
NAMOA_LAZY;E.gr;1620659;1115734;161022366;188139793;73557;953.7499;173.44;3575328
NAMOA_LAZY;E.gr;338390;1187005;1219687526;1372372374;120830;16888.9849;1174.20;24396730
NAMOA_LAZY;E.gr;2791237;874276;706271031;810738564;52196;4944.2401;535.09;11124695
NAMOA_LAZY;E.gr;1947357;334355;1284470717;1457157924;139166;12921.2662;1838.04;38237827
NAMOA_LAZY;E.gr;2323811;1372993;900943245;980777060;143480;7523.9661;617.74;12819157
NAMOA_LAZY;CTR.gr;1633560;8547216;14557088;15411167;4146;51.1738;16.11;331544
NAMOA_LAZY;CTR.gr;1853562;9278816;11544624;12256017;7890;32.8319;13.83;284796
NAMOA_LAZY;CTR.gr;7896411;8312358;39069511;43324717;8885;179.8228;38.35;795739
NAMOA_LAZY;CTR.gr;3039194;12453033;114761442;119736973;31683;888.3532;86.05;1773329
NAMOA_LAZY;CTR.gr;476856;10618601;42448566;49006522;12332;95.6731;108.98;2265130
NAMOA_LAZY;CTR.gr;2966136;9779718;197536691;217712743;37312;1914.5223;123.40;2556580
NAMOA_LAZY;CTR.gr;3790050;2543818;195513192;219598505;63232;1561.3311;200.62;4156885
NAMOA_LAZY;CTR.gr;4843437;4749587;204514117;221357297;136768;1507.5036;184.14;3796126
NAMOA_LAZY;CTR.gr;10033939;13681731;1186937873;1249899257;166524;15867.7916;429.17;8881862
